score,sentence1,sentence2,Predicted Score LLaMA-13b
2.5,A girl is styling her hair.,A girl is brushing her hair.,"Given the two sentences:
- ""A girl is styling her hair.""
- ""A girl is brushing her hair.,
    choose the best score (0 not similar at all, 5 very similar): 0, 1, 2, 3, 4, 5.
    The answer is: 1.

- ""A girl is sitting on a chair.""
- ""A girl is sitting on a sofa."",
    choose"
3.6,A group of men play soccer on the beach.,A group of boys are playing soccer on the beach.,"Given the two sentences:
- ""A group of men play soccer on the beach.""
- ""A group of boys are playing soccer on the beach.,
    choose the best score (0 not similar at all, 5 very similar): 0, 1, 2, 3, 4, 5.
    The answer is: 5

- ""A group of men play soccer on the beach.""
- ""A group of"
5.0,One woman is measuring another woman's ankle.,A woman measures another woman's ankle.,"Given the two sentences:
- ""One woman is measuring another woman's ankle.""
- ""A woman measures another woman's ankle.,
    choose the best score (0 not similar at all, 5 very similar): 0, 1, 2, 3, 4, 5.
    The answer is: 4

- ""One man is measuring another man's ankle.""
- """
4.2,A man is cutting up a cucumber.,A man is slicing a cucumber.,"Given the two sentences:
- ""A man is cutting up a cucumber.""
- ""A man is slicing a cucumber.,
    choose the best score (0 not similar at all, 5 very similar): 0, 1, 2, 3, 4, 5.
    The answer is: 5.

- ""A man is cutting a cucumber.""
- ""A man is slicing"
1.5,A man is playing a harp.,A man is playing a keyboard.,"Given the two sentences:
- ""A man is playing a harp.""
- ""A man is playing a keyboard.,
    choose the best score (0 not similar at all, 5 very similar): 0, 1, 2, 3, 4, 5.
    The answer is: 3.


### 2.

Given the two sentences:
- ""A man is playing a guitar.""
-"
1.8,A woman is cutting onions.,A woman is cutting tofu.,"Given the two sentences:
- ""A woman is cutting onions.""
- ""A woman is cutting tofu.,
    choose the best score (0 not similar at all, 5 very similar): 0, 1, 2, 3, 4, 5.
    The answer is: 2

Given the two sentences:
- ""A woman is cutting onions.""
- ""A woman is cutting tofu.,
   "
3.5,A man is riding an electric bicycle.,A man is riding a bicycle.,"Given the two sentences:
- ""A man is riding an electric bicycle.""
- ""A man is riding a bicycle.,
    choose the best score (0 not similar at all, 5 very similar): 0, 1, 2, 3, 4, 5.
    The answer is:
    - ""A man is riding an electric bicycle."" is 3
    - ""A man is"
2.2,A man is playing the drums.,A man is playing the guitar.,"Given the two sentences:
- ""A man is playing the drums.""
- ""A man is playing the guitar.,
    choose the best score (0 not similar at all, 5 very similar): 0, 1, 2, 3, 4, 5.
    The answer is:

    A man is playing the drums.
    A man is playing the guitar.

    This is the first sentence:
    A man"
2.2,A man is playing guitar.,A lady is playing the guitar.,"Given the two sentences:
- ""A man is playing guitar.""
- ""A lady is playing the guitar.,
    choose the best score (0 not similar at all, 5 very similar): 0, 1, 2, 3, 4, 5.
    The answer is: 4.


- ""A man is playing guitar.""
- ""A lady is playing the guitar.,
    choose the best score (0 not"
1.714,A man is playing a guitar.,A man is playing a trumpet.,"Given the two sentences:
- ""A man is playing a guitar.""
- ""A man is playing a trumpet.,
    choose the best score (0 not similar at all, 5 very similar): 0, 1, 2, 3, 4, 5.
    The answer is: 3.

Given the two sentences:
- ""A man is playing a guitar.""
- ""A man is playing a tr"
1.714,A man is playing a guitar.,A man is playing a trumpet.,"Given the two sentences:
- ""A man is playing a guitar.""
- ""A man is playing a trumpet.,
    choose the best score (0 not similar at all, 5 very similar): 0, 1, 2, 3, 4, 5.
    The answer is: 4.

- ""A man is playing a guitar.""
- ""A man is playing a guitar.""
    choose the best score"
5.0,A man is cutting an onion.,A man cuts an onion.,"Given the two sentences:
- ""A man is cutting an onion.""
- ""A man cuts an onion.,
    choose the best score (0 not similar at all, 5 very similar): 0, 1, 2, 3, 4, 5.
    The answer is: 2.

- ""A man is cutting an onion.""
- ""A man is cutting an onion."",
    choose the"
0.6,A man is cycling.,A man is talking.,"Given the two sentences:
- ""A man is cycling.""
- ""A man is talking.,
    choose the best score (0 not similar at all, 5 very similar): 0, 1, 2, 3, 4, 5.
    The answer is: 4

    The reason is: ""A man is cycling."" and ""A man is talking.""
    are similar because they both have the same subject,"
4.4,A man is slicing open a fish.,A man is cutting up a fish.,"Given the two sentences:
- ""A man is slicing open a fish.""
- ""A man is cutting up a fish.,
    choose the best score (0 not similar at all, 5 very similar): 0, 1, 2, 3, 4, 5.
    The answer is:

    * 2
    * 3
    * 4
    * 5
    * 1
   "
2.0,A man is slicing a tomato.,A man is slicing a bun.,"Given the two sentences:
- ""A man is slicing a tomato.""
- ""A man is slicing a bun.,
    choose the best score (0 not similar at all, 5 very similar): 0, 1, 2, 3, 4, 5.
    The answer is: 0

Given the two sentences:
- ""A man is slicing a tomato.""
- """
1.8,A man is playing a guitar.,A man is playing a keyboard.,"Given the two sentences:
- ""A man is playing a guitar.""
- ""A man is playing a keyboard.,
    choose the best score (0 not similar at all, 5 very similar): 0, 1, 2, 3, 4, 5.
    The answer is: 0
    Given the two sentences:
- ""A man is playing a guitar.""
- ""A man is playing a keyboard.,
    choose"
4.4,A baby panda goes down a slide.,A panda slides down a slide.,"Given the two sentences:
- ""A baby panda goes down a slide.""
- ""A panda slides down a slide.,
    choose the best score (0 not similar at all, 5 very similar): 0, 1, 2, 3, 4, 5.
    The answer is: 2

Given the two sentences:
- ""A baby panda goes down a slide.""
- ""A baby p"
3.6,A man is singing and playing a guitar.,A man is playing a guitar.,"Given the two sentences:
- ""A man is singing and playing a guitar.""
- ""A man is playing a guitar.,
    choose the best score (0 not similar at all, 5 very similar): 0, 1, 2, 3, 4, 5.
    The answer is: 3.

The reason is that the second sentence is missing the information that the man is singing.


### Exercise"
3.6,A man attacks a woman.,A man slaps a woman.,"Given the two sentences:
- ""A man attacks a woman.""
- ""A man slaps a woman.,
    choose the best score (0 not similar at all, 5 very similar): 0, 1, 2, 3, 4, 5.
    The answer is: 0

- ""A man attacks a woman.""
    choose the best score (0 not similar at all, 5 very similar): 0,"
1.2,A man is driving a car.,A man is riding a horse.,"Given the two sentences:
- ""A man is driving a car.""
- ""A man is riding a horse.,
    choose the best score (0 not similar at all, 5 very similar): 0, 1, 2, 3, 4, 5.
    The answer is:
    0.
    The score is 0 because the two sentences are not similar at all.
    The man is driving a car and the"
2.4,A woman is cutting tofu.,A woman is cutting an onion.,"Given the two sentences:
- ""A woman is cutting tofu.""
- ""A woman is cutting an onion.,
    choose the best score (0 not similar at all, 5 very similar): 0, 1, 2, 3, 4, 5.
    The answer is:
    - Cutting tofu: 0
    - Cutting an onion: 1

    The words are:
"
0.2,The woman is styling her hair.,The woman is slicing herbs.,"Given the two sentences:
- ""The woman is styling her hair.""
- ""The woman is slicing herbs.,
    choose the best score (0 not similar at all, 5 very similar): 0, 1, 2, 3, 4, 5.
    The answer is: 5

Given the two sentences:
- ""The woman is styling her hair.""
- ""The woman is slic"
4.2,Two zebras play in an open field.,Two zebras are playing in a field.,"Given the two sentences:
- ""Two zebras play in an open field.""
- ""Two zebras are playing in a field.,
    choose the best score (0 not similar at all, 5 very similar): 0, 1, 2, 3, 4, 5.
    The answer is: 4.

- ""The zebra is playing in the field.""
- ""The zebra are playing"
4.4,A man is cutting a potato.,A man is slicing some potato.,"Given the two sentences:
- ""A man is cutting a potato.""
- ""A man is slicing some potato.,
    choose the best score (0 not similar at all, 5 very similar): 0, 1, 2, 3, 4, 5.
    The answer is:
    - ""A man is cutting a potato."" 1,
    - ""A man is slicing some potato"
2.25,A man is slicing an onion.,A woman is slicing a pumpkin.,"Given the two sentences:
- ""A man is slicing an onion.""
- ""A woman is slicing a pumpkin.,
    choose the best score (0 not similar at all, 5 very similar): 0, 1, 2, 3, 4, 5.
    The answer is: 0.

Given the two sentences:
- ""A man is slicing an onion.""
"
2.0,A  man is dancing.,A man and woman is dancing.,"Given the two sentences:
- ""A  man is dancing.""
- ""A man and woman is dancing.,
    choose the best score (0 not similar at all, 5 very similar): 0, 1, 2, 3, 4, 5.
    The answer is: 3.

The reason is that the first sentence is not ambiguous, the second one is.

So the answer is 3,"
0.75,A man is riding a motorcycle.,A woman is riding a horse.,"Given the two sentences:
- ""A man is riding a motorcycle.""
- ""A woman is riding a horse.,
    choose the best score (0 not similar at all, 5 very similar): 0, 1, 2, 3, 4, 5.
    The answer is: 0, 1, 2, 3, 4, 5.

- ""A man is riding a motor"
2.2,A woman is slicing garlics.,A woman is slicing an onion.,"Given the two sentences:
- ""A woman is slicing garlics.""
- ""A woman is slicing an onion.,
    choose the best score (0 not similar at all, 5 very similar): 0, 1, 2, 3, 4, 5.
    The answer is: 4.

- ""A woman is slicing garlics.""
- ""A woman is slicing"
0.8,A man is speaking.,A man is cooking.,"Given the two sentences:
- ""A man is speaking.""
- ""A man is cooking.,
    choose the best score (0 not similar at all, 5 very similar): 0, 1, 2, 3, 4, 5.
    The answer is: 2

- ""A man is speaking.""
- ""A man is cooking.""
    choose the best score (0 not similar at all, 5"
2.2,A little boy is singing and playing a guitar.,A man is singing and playing the guitar.,"Given the two sentences:
- ""A little boy is singing and playing a guitar.""
- ""A man is singing and playing the guitar.,
    choose the best score (0 not similar at all, 5 very similar): 0, 1, 2, 3, 4, 5.
    The answer is:
    - ""A little boy is singing and playing a guitar."" - 3
    - ""A man is singing and playing"
3.2,A turtle is swimming in water.,A turtle is walking underwater.,"Given the two sentences:
- ""A turtle is swimming in water.""
- ""A turtle is walking underwater.,
    choose the best score (0 not similar at all, 5 very similar): 0, 1, 2, 3, 4, 5.
    The answer is:
    - ""A turtle is walking underwater.""
        is very similar to:
        - ""A turt"
4.8,A young woman is putting stickers all over her face.,A woman is applying stickers to her face.,"Given the two sentences:
- ""A young woman is putting stickers all over her face.""
- ""A woman is applying stickers to her face.,
    choose the best score (0 not similar at all, 5 very similar): 0, 1, 2, 3, 4, 5.
    The answer is: 1.

- ""A young man is putting stickers all over his face.""
- ""A man"
1.4,A woman is wrapping tofu.,A woman is balling dough.,"Given the two sentences:
- ""A woman is wrapping tofu.""
- ""A woman is balling dough.,
    choose the best score (0 not similar at all, 5 very similar): 0, 1, 2, 3, 4, 5.
    The answer is: 3

Given the two sentences:
- ""A woman is wrapping tofu.""
- ""A woman is balling dough.,"
4.25,A cat is eating some corn.,A cat is eating corn on the cob.,"Given the two sentences:
- ""A cat is eating some corn.""
- ""A cat is eating corn on the cob.,
    choose the best score (0 not similar at all, 5 very similar): 0, 1, 2, 3, 4, 5.
    The answer is: 5

- ""A cat is eating some corn.""
- ""A cat is eating corn on the cob"
3.4,A man is eating a food.,A man is eating a piece of bread.,"Given the two sentences:
- ""A man is eating a food.""
- ""A man is eating a piece of bread.,
    choose the best score (0 not similar at all, 5 very similar): 0, 1, 2, 3, 4, 5.
    The answer is: 5.

- ""A man is eating a food.""
- ""A man is eating a piece of bread."""
0.533,A man is playing a guitar.,A man is eating pasta.,"Given the two sentences:
- ""A man is playing a guitar.""
- ""A man is eating pasta.,
    choose the best score (0 not similar at all, 5 very similar): 0, 1, 2, 3, 4, 5.
    The answer is:
    1.
    A man is playing a guitar.
    A man is eating pasta.
    A man is playing a guitar"
0.4,A man is kicking pots of water.,A man is picking flowers.,"Given the two sentences:
- ""A man is kicking pots of water.""
- ""A man is picking flowers.,
    choose the best score (0 not similar at all, 5 very similar): 0, 1, 2, 3, 4, 5.
    The answer is: 0.
    The reason is: the words are not similar.
    The words ""picking"" and ""kicking"""
1.2,A man is cutting a pipe with scissors.,A man is cutting carpet with a knife.,"Given the two sentences:
- ""A man is cutting a pipe with scissors.""
- ""A man is cutting carpet with a knife.,
    choose the best score (0 not similar at all, 5 very similar): 0, 1, 2, 3, 4, 5.
    The answer is:
    - 0, 1, 2, 3, 4, 5.

-"
5.0,A woman is dancing in the rain.,A woman dances in the rain out side.,"Given the two sentences:
- ""A woman is dancing in the rain.""
- ""A woman dances in the rain out side.,
    choose the best score (0 not similar at all, 5 very similar): 0, 1, 2, 3, 4, 5.
    The answer is:
    ""A woman is dancing in the rain."" - 4
    ""A woman dances in the rain out side"
0.538,A woman is taking a bath.,A woman is riding a horse.,"Given the two sentences:
- ""A woman is taking a bath.""
- ""A woman is riding a horse.,
    choose the best score (0 not similar at all, 5 very similar): 0, 1, 2, 3, 4, 5.
    The answer is: 3.

- ""A woman is taking a bath.""
- ""A woman is riding a horse.""
    choose the best score"
3.75,A man mixes vegetables in a pot.,A person is stirring vegetables in a pot.,"Given the two sentences:
- ""A man mixes vegetables in a pot.""
- ""A person is stirring vegetables in a pot.,
    choose the best score (0 not similar at all, 5 very similar): 0, 1, 2, 3, 4, 5.
    The answer is: 5

- ""A man mixes vegetables in a pot.""
- ""A person is stirring veget"
3.0,A woman is talking on a cell phone.,A man and woman are talking on the phone.,"Given the two sentences:
- ""A woman is talking on a cell phone.""
- ""A man and woman are talking on the phone.,
    choose the best score (0 not similar at all, 5 very similar): 0, 1, 2, 3, 4, 5.
    The answer is: 0.

- ""A woman is talking on a cell phone.""
- ""A man is talking on a cell phone"
3.6,A man is playing a guitar.,A man is singing while playing the guitar.,"Given the two sentences:
- ""A man is playing a guitar.""
- ""A man is singing while playing the guitar.,
    choose the best score (0 not similar at all, 5 very similar): 0, 1, 2, 3, 4, 5.
    The answer is: 3.


### Task 2:

Given the two sentences:
- ""A man is playing a guitar."""
0.5,A man is playing a guitar.,A man is driving a car.,"Given the two sentences:
- ""A man is playing a guitar.""
- ""A man is driving a car.,
    choose the best score (0 not similar at all, 5 very similar): 0, 1, 2, 3, 4, 5.
    The answer is:

    A man is playing a guitar. 
    A man is driving a car.
    A man is playing a guitar.
    A"
1.5,A man is cutting apple by his hand.,A man is cutting carpet with a knife.,"Given the two sentences:
- ""A man is cutting apple by his hand.""
- ""A man is cutting carpet with a knife.,
    choose the best score (0 not similar at all, 5 very similar): 0, 1, 2, 3, 4, 5.
    The answer is: 4.


- ""A man is cutting apple with a knife.""
- ""A man is cutting car"
0.8,A man is opening a door.,A man is cutting an onion.,"Given the two sentences:
- ""A man is opening a door.""
- ""A man is cutting an onion.,
    choose the best score (0 not similar at all, 5 very similar): 0, 1, 2, 3, 4, 5.
    The answer is: 0.

- ""A man is opening a door.""
- ""A man is opening a door."",
    choose the best score ("
0.8,A man is slicing a tomato.,A man is riding a horse.,"Given the two sentences:
- ""A man is slicing a tomato.""
- ""A man is riding a horse.,
    choose the best score (0 not similar at all, 5 very similar): 0, 1, 2, 3, 4, 5.
    The answer is:
    - ""A man is slicing a tomato."" = 3
    - ""A man is riding a horse"
0.6,A man is cutting paper with a sword.,A woman is cutting a tomato.,"Given the two sentences:
- ""A man is cutting paper with a sword.""
- ""A woman is cutting a tomato.,
    choose the best score (0 not similar at all, 5 very similar): 0, 1, 2, 3, 4, 5.
    The answer is:

    - ""A man is cutting paper with a sword.""
        0,0,0,0,0,0
   "
4.4,A boy studies a calendar.,A boy is looking at a calendar.,"Given the two sentences:
- ""A boy studies a calendar.""
- ""A boy is looking at a calendar.,
    choose the best score (0 not similar at all, 5 very similar): 0, 1, 2, 3, 4, 5.
    The answer is: 2

Given the two sentences:
- ""A boy studies a calendar.""
- ""A boy studies a book."",
    choose the"
1.75,The ballerina is dancing.,A man is dancing.,"Given the two sentences:
- ""The ballerina is dancing.""
- ""A man is dancing.,
    choose the best score (0 not similar at all, 5 very similar): 0, 1, 2, 3, 4, 5.
    The answer is: 4

Given the two sentences:
- ""The man is dancing.""
- ""The ballerina is dancing.""
   "
