dialogue,explicit_answer,options,Predicted Score LLaMA-13b-chat
"Question: did you leave the cucumber in the den
Answer: I was in the dining_room",I didn't leave the cucumber in the den,"1. I didn't leave the cucumber in the den
2. the cucumber is in the dining_room
3. I left the cucumber in the dining_room
4. I leave the cucumber in the den","Question: were you in the basement

  Answer: I journeyed to the laundry

  Options: 1. I was in the basement
 2. I was in the playroom
 3. I was not in the basement
 4. I was not in the crawlspace

  Explict answer: I was not in the basement

  Question: was Emily there

  Answer: she was in the playroom

  Options: 1. Emily was in the laundry
 2. Emily was not in the laundry
 3. I was not in the laundry
 4. I don't know

  Explict answer: Emily was not in the laundry

  Given this dialogue, choose the correct explicit answer option that captures the implicature of the answer.

  Question: did you leave the cucumber in the den
Answer: I was in the dining_room

  Options: 1. I didn't leave the cucumber in the den
2. the cucumber is in the dining_room
3. I left the cucumber in the dining_room
4. I leave the cucumber in the den

  The number of the option that captures the explicit answer:
  1. I didn't leave the cucumber in the den

  Explict answer: I didn't leave the cucumber in the den

  Question: did you see the cucumber in the dining_room
Answer: I was in the dining_room

  Options: 1. I did see the cucumber in the dining_room
2. I didn't see the cucumber in the dining_room
3. the cucumber is not in the dining_room
4. I saw the cucumber in the dining_room

  The number of the option that captures the explicit answer:
  2. I didn't see the cucumber in the dining_room

  Explict answer: I didn't see the cucumber in the dining_room

  Question: did you see Emily in the dining_"
"Question: what about Mia
Answer: she placed the limes there",Mia didn't place the cucumber in the den,"1. I don't know if Mia place the cucumber in the den
2. I didn't place the cucumber in the den
3. Mia didn't place the cucumber in the den
4. Mia didn't place the limes in the den","Question: were you in the basement

  Answer: I journeyed to the laundry

  Options: 1. I was in the basement
 2. I was in the playroom
 3. I was not in the basement
 4. I was not in the crawlspace

  Explict answer: I was not in the basement

  Question: was Emily there

  Answer: she was in the playroom

  Options: 1. Emily was in the laundry
 2. Emily was not in the laundry
 3. I was not in the laundry
 4. I don't know

  Explict answer: Emily was not in the laundry

  Given this dialogue, choose the correct explicit answer option that captures the implicature of the answer.

  Question: what about Mia
Answer: she placed the limes there

  Options: 1. I don't know if Mia place the cucumber in the den
2. I didn't place the cucumber in the den
3. Mia didn't place the cucumber in the den
4. Mia didn't place the limes in the den

  The number of the option that captures the explicit answer:
  1. I don't know if Mia placed the cucumber in the den

  The correct answer is option 1. The explicit answer ""she placed the limes there"" implies that Mia did not place the cucumber in the den, as the speaker has just denied that they placed the cucumber in the den."
"Question: was she there
Answer: she was there if not in the den",I am not sure if Mia was in the den,"1. I was not in the den
2. Mia was in the den
3. I am not sure if Mia was in the den
4. Mia was not in the den","Question: were you in the basement

  Answer: I journeyed to the laundry

  Options: 1. I was in the basement
 2. I was in the playroom
 3. I was not in the basement
 4. I was not in the crawlspace

  Explict answer: I was not in the basement

  Question: was Emily there

  Answer: she was in the playroom

  Options: 1. Emily was in the laundry
 2. Emily was not in the laundry
 3. I was not in the laundry
 4. I don't know

  Explict answer: Emily was not in the laundry

  Given this dialogue, choose the correct explicit answer option that captures the implicature of the answer.

  Question: was she there
Answer: she was there if not in the den

  Options: 1. I was not in the den
2. Mia was in the den
3. I am not sure if Mia was in the den
4. Mia was not in the den

  The number of the option that captures the explicit answer:
  1. I was not in the den

  Explict answer: I was not in the den

  Note: the explicit answer is not the same as the implicature of the answer. The explicit answer is a direct answer to the question, while the implicature is the additional information that can be inferred from the answer. In this case, the explicit answer is ""I was not in the den"", but the implicature is ""Mia was not in the den"""
"Question: was Jayden in the den
Answer: he walked to the cellar",Jayden was not in the den,"1. Jayden was in the den
2. Jayden was not in the den
3. I don't know
4. I was not in the den","Question: were you in the basement

  Answer: I journeyed to the laundry

  Options: 1. I was in the basement
 2. I was in the playroom
 3. I was not in the basement
 4. I was not in the crawlspace

  Explict answer: I was not in the basement

  Question: was Emily there

  Answer: she was in the playroom

  Options: 1. Emily was in the laundry
 2. Emily was not in the laundry
 3. I was not in the laundry
 4. I don't know

  Explict answer: Emily was not in the laundry

  Given this dialogue, choose the correct explicit answer option that captures the implicature of the answer.

  Question: was Jayden in the den
Answer: he walked to the cellar

  Options: 1. Jayden was in the den
2. Jayden was not in the den
3. I don't know
4. I was not in the den

  The number of the option that captures the explicit answer:
  1. Jayden was not in the den."
"Question: did he leave the pineapples in the den
Answer: he left them in the den if not the cellar",I am not sure if Jayden leave the pineapples in the den,"1. I didn't leave the pineapples in the cellar
2. I am not sure if Jayden leave the pineapples in the den
3. Jayden didn't leave the pineapples in the den
4. I leave the pineapples in the cellar","Question: were you in the basement

  Answer: I journeyed to the laundry

  Options: 1. I was in the basement
 2. I was in the playroom
 3. I was not in the basement
 4. I was not in the crawlspace

  Explict answer: I was not in the basement

  Question: was Emily there

  Answer: she was in the playroom

  Options: 1. Emily was in the laundry
 2. Emily was not in the laundry
 3. I was not in the laundry
 4. I don't know

  Explict answer: Emily was not in the laundry

  Given this dialogue, choose the correct explicit answer option that captures the implicature of the answer.

  Question: did he leave the pineapples in the den
Answer: he left them in the den if not the cellar

  Options: 1. I didn't leave the pineapples in the cellar
2. I am not sure if Jayden leave the pineapples in the den
3. Jayden didn't leave the pineapples in the den
4. I leave the pineapples in the cellar

  The number of the option that captures the explicit answer:
  3"
"Question: are some of the cherries there
Answer: I put all of them there",all the cherries are in the den,"1. the cherries are not in the den
2. I am not sure if some of the cherries are in the den
3. all the cherries are in the den
4. some of the cherries are in the den","Question: were you in the basement

  Answer: I journeyed to the laundry

  Options: 1. I was in the basement
 2. I was in the playroom
 3. I was not in the basement
 4. I was not in the crawlspace

  Explict answer: I was not in the basement

  Question: was Emily there

  Answer: she was in the playroom

  Options: 1. Emily was in the laundry
 2. Emily was not in the laundry
 3. I was not in the laundry
 4. I don't know

  Explict answer: Emily was not in the laundry

  Given this dialogue, choose the correct explicit answer option that captures the implicature of the answer.

  Question: are some of the cherries there
Answer: I put all of them there

  Options: 1. the cherries are not in the den
2. I am not sure if some of the cherries are in the den
3. all the cherries are in the den
4. some of the cherries are in the den

  The number of the option that captures the explicit answer:
  3. all the cherries are in the den"
"Question: did you put the beans there
Answer: I put them in the cellar",I didn't put the beans in the den,"1. I put the cherries in the den
2. I didn't put the beans in the cellar
3. the beans are in the den
4. I didn't put the beans in the den","Question: were you in the basement

  Answer: I journeyed to the laundry

  Options: 1. I was in the basement
 2. I was in the playroom
 3. I was not in the basement
 4. I was not in the crawlspace

  Explict answer: I was not in the basement

  Question: was Emily there

  Answer: she was in the playroom

  Options: 1. Emily was in the laundry
 2. Emily was not in the laundry
 3. I was not in the laundry
 4. I don't know

  Explict answer: Emily was not in the laundry

  Given this dialogue, choose the correct explicit answer option that captures the implicature of the answer.

  Question: did you put the beans there
Answer: I put them in the cellar

  Options: 1. I put the cherries in the den
2. I didn't put the beans in the cellar
3. the beans are in the den
4. I didn't put the beans in the den

  The number of the option that captures the explicit answer:
  2. I didn't put the beans in the cellar"
"Question: did Jayden place the lemons in the porch
Answer: he placed the grapes there",Jayden didn't place the lemons in the porch,"1. Jayden didn't place the grapes in the porch
2. the lemons are in the porch
3. I don't know if Jayden place the lemons in the porch
4. Jayden didn't place the lemons in the porch","Question: were you in the basement

  Answer: I journeyed to the laundry

  Options: 1. I was in the basement
 2. I was in the playroom
 3. I was not in the basement
 4. I was not in the crawlspace

  Explict answer: I was not in the basement

  Question: was Emily there

  Answer: she was in the playroom

  Options: 1. Emily was in the laundry
 2. Emily was not in the laundry
 3. I was not in the laundry
 4. I don't know

  Explict answer: Emily was not in the laundry

  Given this dialogue, choose the correct explicit answer option that captures the implicature of the answer.

  Question: did Jayden place the lemons in the porch
Answer: he placed the grapes there

  Options: 1. Jayden didn't place the grapes in the porch
2. the lemons are in the porch
3. I don't know if Jayden place the lemons in the porch
4. Jayden didn't place the lemons in the porch

  The number of the option that captures the explicit answer:
  1. Jayden didn't place the lemons in the porch"
"Question: how many eggplants are there
Answer: there are at least three there",I am not sure how many eggplants are in the porch,"1. I am not sure how many eggplants are in the porch
2. three eggplants are in the porch
3. all of the eggplants are in the porch
4. four eggplants are in the porch","Question: were you in the basement

  Answer: I journeyed to the laundry

  Options: 1. I was in the basement
 2. I was in the playroom
 3. I was not in the basement
 4. I was not in the crawlspace

  Explict answer: I was not in the basement

  Question: was Emily there

  Answer: she was in the playroom

  Options: 1. Emily was in the laundry
 2. Emily was not in the laundry
 3. I was not in the laundry
 4. I don't know

  Explict answer: Emily was not in the laundry

  Given this dialogue, choose the correct explicit answer option that captures the implicature of the answer.

  Question: how many eggplants are there
Answer: there are at least three there

  Options: 1. I am not sure how many eggplants are in the porch
2. three eggplants are in the porch
3. all of the eggplants are in the porch
4. four eggplants are in the porch

  The number of the option that captures the explicit answer:
  2. three eggplants are in the porch"
"Question: did you leave them there
Answer: I didn't",I didn't leave the eggplants in the porch,"1. the eggplants are in the playroom
2. I leave the eggplants in the porch
3. the eggplants are not in the front_yard
4. I didn't leave the eggplants in the porch","Question: were you in the basement

  Answer: I journeyed to the laundry

  Options: 1. I was in the basement
 2. I was in the playroom
 3. I was not in the basement
 4. I was not in the crawlspace

  Explict answer: I was not in the basement

  Question: was Emily there

  Answer: she was in the playroom

  Options: 1. Emily was in the laundry
 2. Emily was not in the laundry
 3. I was not in the laundry
 4. I don't know

  Explict answer: Emily was not in the laundry

  Given this dialogue, choose the correct explicit answer option that captures the implicature of the answer.

  Question: did you leave them there
Answer: I didn't

  Options: 1. the eggplants are in the playroom
2. I leave the eggplants in the porch
3. the eggplants are not in the front_yard
4. I didn't leave the eggplants in the porch

  The number of the option that captures the explicit answer:
  1. the eggplants are in the playroom

  Explict answer: I didn't leave the eggplants in the porch.

  Question: did you see the eggplants

  Answer: I didn't see the eggplants

  Options: 1. the eggplants are in the playroom
2. the eggplants are in the basement
3. the eggplants are not in the playroom
4. I didn't see the eggplants

  Explict answer: the eggplants are not in the playroom

  Question: was Emily in the playroom

  Answer: Emily was not in the playroom

  Options: 1. Emily was in the playroom
2. Emily was not in the playroom
3. I was not in the playroom
4. I don't know

  Explict answer: Emily was not in the play"
"Question: did Jayden place them there
Answer: he didn't",Jayden didn't place the eggplants in the porch,"1. Jayden didn't place the eggplants in the porch
2. I don't know if Jayden place the eggplants in the porch
3. I didn't place the eggplants in the porch
4. Jayden place the eggplants in the porch","Question: were you in the basement

  Answer: I journeyed to the laundry

  Options: 1. I was in the basement
 2. I was in the playroom
 3. I was not in the basement
 4. I was not in the crawlspace

  Explict answer: I was not in the basement

  Question: was Emily there

  Answer: she was in the playroom

  Options: 1. Emily was in the laundry
 2. Emily was not in the laundry
 3. I was not in the laundry
 4. I don't know

  Explict answer: Emily was not in the laundry

  Given this dialogue, choose the correct explicit answer option that captures the implicature of the answer.

  Question: did Jayden place them there
Answer: he didn't

  Options: 1. Jayden didn't place the eggplants in the porch
2. I don't know if Jayden place the eggplants in the porch
3. I didn't place the eggplants in the porch
4. Jayden place the eggplants in the porch

  The number of the option that captures the explicit answer:
  1. Jayden didn't place the eggplants in the porch

  Explict answer: Jayden didn't place the eggplants in the porch

  Question: did you eat them

  Answer: I didn't eat them

  Options: 1. I ate the eggplants
2. I didn't eat the eggplants
3. Emily ate the eggplants
4. I don't know if Emily ate the eggplants

  Explict answer: I didn't eat the eggplants

  Given this dialogue, choose the correct explicit answer option that captures the implicature of the answer.

  Question: is the fridge open

  Answer: it is

  Options: 1. the fridge is open
2. the fridge is closed
3. I don't know"
"Question: did Jackson put the melons in the attic
Answer: he didn't go there",Jackson didn't put the melons in the attic,"1. I don't know if Jackson put the melons in the attic
2. Jackson didn't put the melons in the attic
3. the melons are in the attic
4. Jackson put the melons in the attic","Question: were you in the basement

  Answer: I journeyed to the laundry

  Options: 1. I was in the basement
 2. I was in the playroom
 3. I was not in the basement
 4. I was not in the crawlspace

  Explict answer: I was not in the basement

  Question: was Emily there

  Answer: she was in the playroom

  Options: 1. Emily was in the laundry
 2. Emily was not in the laundry
 3. I was not in the laundry
 4. I don't know

  Explict answer: Emily was not in the laundry

  Given this dialogue, choose the correct explicit answer option that captures the implicature of the answer.

  Question: did Jackson put the melons in the attic
Answer: he didn't go there

  Options: 1. I don't know if Jackson put the melons in the attic
2. Jackson didn't put the melons in the attic
3. the melons are in the attic
4. Jackson put the melons in the attic

  The number of the option that captures the explicit answer:
  2. Jackson didn't put the melons in the attic"
"Question: what about Lily
Answer: she said she was in the hall",Lily didn't place the melons in the attic,"1. I don't know if Lily place the melons in the attic
2. Lily didn't place the melons in the attic
3. I place the melons in the attic
4. the melons are in the attic","Question: were you in the basement

  Answer: I journeyed to the laundry

  Options: 1. I was in the basement
 2. I was in the playroom
 3. I was not in the basement
 4. I was not in the crawlspace

  Explict answer: I was not in the basement

  Question: was Emily there

  Answer: she was in the playroom

  Options: 1. Emily was in the laundry
 2. Emily was not in the laundry
 3. I was not in the laundry
 4. I don't know

  Explict answer: Emily was not in the laundry

  Given this dialogue, choose the correct explicit answer option that captures the implicature of the answer.

  Question: what about Lily
Answer: she said she was in the hall

  Options: 1. I don't know if Lily place the melons in the attic
2. Lily didn't place the melons in the attic
3. I place the melons in the attic
4. the melons are in the attic

  The number of the option that captures the explicit answer:
  1. I don't know if Lily place the melons in the attic"
"Question: did you leave them there
Answer: I left the pineapples there",I didn't leave the melons in the attic,"1. I didn't leave the melons in the attic
2. I didn't leave the pineapples in the attic
3. the melons are in the attic
4. I leave the melons in the attic","Question: were you in the basement

  Answer: I journeyed to the laundry

  Options: 1. I was in the basement
 2. I was in the playroom
 3. I was not in the basement
 4. I was not in the crawlspace

  Explict answer: I was not in the basement

  Question: was Emily there

  Answer: she was in the playroom

  Options: 1. Emily was in the laundry
 2. Emily was not in the laundry
 3. I was not in the laundry
 4. I don't know

  Explict answer: Emily was not in the laundry

  Given this dialogue, choose the correct explicit answer option that captures the implicature of the answer.

  Question: did you leave them there
Answer: I left the pineapples there

  Options: 1. I didn't leave the melons in the attic
2. I didn't leave the pineapples in the attic
3. the melons are in the attic
4. I leave the melons in the attic

  The number of the option that captures the explicit answer:
  2. I didn't leave the pineapples in the attic.

  Explict answer: I didn't leave the pineapples in the attic."
"Question: was Elizabeth in the study
Answer: she travelled to the master_bedroom",Elizabeth was not in the study,"1. I was not in the study
2. Elizabeth was not in the study
3. I don't know if Elizabeth was in the study
4. Elizabeth was in the study","Question: were you in the basement

  Answer: I journeyed to the laundry

  Options: 1. I was in the basement
 2. I was in the playroom
 3. I was not in the basement
 4. I was not in the crawlspace

  Explict answer: I was not in the basement

  Question: was Emily there

  Answer: she was in the playroom

  Options: 1. Emily was in the laundry
 2. Emily was not in the laundry
 3. I was not in the laundry
 4. I don't know

  Explict answer: Emily was not in the laundry

  Given this dialogue, choose the correct explicit answer option that captures the implicature of the answer.

  Question: was Elizabeth in the study
Answer: she travelled to the master_bedroom

  Options: 1. I was not in the study
2. Elizabeth was not in the study
3. I don't know if Elizabeth was in the study
4. Elizabeth was in the study

  The number of the option that captures the explicit answer:
  1. I was not in the study

  Explict answer: Elizabeth was not in the study

  Question: was John in the garden

  Answer: he was in the garage

  Options: 1. John was not in the garden
 2. John was in the garden
 3. I don't know if John was in the garden
 4. John was in the garage

  Explict answer: John was in the garage

  Question: was Sarah in the living room

  Answer: she was in the kitchen

  Options: 1. Sarah was not in the living room
 2. Sarah was in the living room
 3. I don't know if Sarah was in the living room
 4. Sarah was in the kitchen

  Explict answer: Sarah was in the kitchen"
"Question: did you go there
Answer: I walked to the office",I was not in the master_bedroom,"1. I was not in the study
2. I don't know
3. I was not in the master_bedroom
4. I was in the master_bedroom","Question: were you in the basement

  Answer: I journeyed to the laundry

  Options: 1. I was in the basement
 2. I was in the playroom
 3. I was not in the basement
 4. I was not in the crawlspace

  Explict answer: I was not in the basement

  Question: was Emily there

  Answer: she was in the playroom

  Options: 1. Emily was in the laundry
 2. Emily was not in the laundry
 3. I was not in the laundry
 4. I don't know

  Explict answer: Emily was not in the laundry

  Given this dialogue, choose the correct explicit answer option that captures the implicature of the answer.

  Question: did you go there
Answer: I walked to the office

  Options: 1. I was not in the study
2. I don't know
3. I was not in the master_bedroom
4. I was in the master_bedroom

  The number of the option that captures the explicit answer:
  1. I was not in the study

  Explict answer: I was not in the study

Note:

* The explicit answer is the literal meaning of the answer, which is the answer to the question as asked.
* The implicature is the additional meaning that is inferred based on the context and the information provided in the answer.

  Please choose the correct option that captures the implicature of the answer."
"Question: did Mia go there
Answer: she was in the dining_room",Mia was not in the office,"1. Mia was not in the office
2. Mia was in the office
3. I was not in the office
4. I don't know if Mia was in the office","Question: were you in the basement

  Answer: I journeyed to the laundry

  Options: 1. I was in the basement
 2. I was in the playroom
 3. I was not in the basement
 4. I was not in the crawlspace

  Explict answer: I was not in the basement

  Question: was Emily there

  Answer: she was in the playroom

  Options: 1. Emily was in the laundry
 2. Emily was not in the laundry
 3. I was not in the laundry
 4. I don't know

  Explict answer: Emily was not in the laundry

  Given this dialogue, choose the correct explicit answer option that captures the implicature of the answer.

  Question: did Mia go there
Answer: she was in the dining_room

  Options: 1. Mia was not in the office
2. Mia was in the office
3. I was not in the office
4. I don't know if Mia was in the office

  The number of the option that captures the explicit answer:
  1. Mia was not in the office"
"Question: are some of the persimmons in the patio
Answer: four are there",four of the persimmons are in the patio,"1. four of the persimmons are in the patio
2. the persimmons are not in the patio
3. I am not sure how many persimmons are in the patio
4. I am not sure if some of the persimmons are in the patio","Question: were you in the basement

  Answer: I journeyed to the laundry

  Options: 1. I was in the basement
 2. I was in the playroom
 3. I was not in the basement
 4. I was not in the crawlspace

  Explict answer: I was not in the basement

  Question: was Emily there

  Answer: she was in the playroom

  Options: 1. Emily was in the laundry
 2. Emily was not in the laundry
 3. I was not in the laundry
 4. I don't know

  Explict answer: Emily was not in the laundry

  Given this dialogue, choose the correct explicit answer option that captures the implicature of the answer.

  Question: are some of the persimmons in the patio
Answer: four are there

  Options: 1. four of the persimmons are in the patio
2. the persimmons are not in the patio
3. I am not sure how many persimmons are in the patio
4. I am not sure if some of the persimmons are in the patio

  The number of the option that captures the explicit answer:
  1. four of the persimmons are in the patio"
"Question: did you place the eggplant there
Answer: I placed the persimmons there",I didn't place the eggplant in the patio,"1. I didn't place the eggplant in the patio
2. I didn't place the persimmons in the patio
3. I place the eggplant in the patio
4. the eggplant is in the patio","Question: were you in the basement

  Answer: I journeyed to the laundry

  Options: 1. I was in the basement
 2. I was in the playroom
 3. I was not in the basement
 4. I was not in the crawlspace

  Explict answer: I was not in the basement

  Question: was Emily there

  Answer: she was in the playroom

  Options: 1. Emily was in the laundry
 2. Emily was not in the laundry
 3. I was not in the laundry
 4. I don't know

  Explict answer: Emily was not in the laundry

  Given this dialogue, choose the correct explicit answer option that captures the implicature of the answer.

  Question: did you place the eggplant there
Answer: I placed the persimmons there

  Options: 1. I didn't place the eggplant in the patio
2. I didn't place the persimmons in the patio
3. I place the eggplant in the patio
4. the eggplant is in the patio

  The number of the option that captures the explicit answer:
  1. I didn't place the eggplant in the patio"
"Question: did Owen leave the asparagus in the workshop
Answer: I didn't see him",I don't know if Owen leave the asparagus in the workshop,"1. I didn't leave the eggplant in the workshop
2. I leave the asparagus in the patio
3. Owen leave the asparagus in the workshop
4. I don't know if Owen leave the asparagus in the workshop","Question: were you in the basement

  Answer: I journeyed to the laundry

  Options: 1. I was in the basement
 2. I was in the playroom
 3. I was not in the basement
 4. I was not in the crawlspace

  Explict answer: I was not in the basement

  Question: was Emily there

  Answer: she was in the playroom

  Options: 1. Emily was in the laundry
 2. Emily was not in the laundry
 3. I was not in the laundry
 4. I don't know

  Explict answer: Emily was not in the laundry

  Given this dialogue, choose the correct explicit answer option that captures the implicature of the answer.

  Question: did Owen leave the asparagus in the workshop
Answer: I didn't see him

  Options: 1. I didn't leave the eggplant in the workshop
2. I leave the asparagus in the patio
3. Owen leave the asparagus in the workshop
4. I don't know if Owen leave the asparagus in the workshop

  The number of the option that captures the explicit answer:
  1. Owen leave the asparagus in the workshop"
"Question: are some of them there
Answer: two are there",two of the asparagus are in the workshop,"1. I am not sure how many asparagus are in the workshop
2. I am not sure if some of the asparagus are in the workshop
3. the asparagus are not in the workshop
4. two of the asparagus are in the workshop","Question: were you in the basement

  Answer: I journeyed to the laundry

  Options: 1. I was in the basement
 2. I was in the playroom
 3. I was not in the basement
 4. I was not in the crawlspace

  Explict answer: I was not in the basement

  Question: was Emily there

  Answer: she was in the playroom

  Options: 1. Emily was in the laundry
 2. Emily was not in the laundry
 3. I was not in the laundry
 4. I don't know

  Explict answer: Emily was not in the laundry

  Given this dialogue, choose the correct explicit answer option that captures the implicature of the answer.

  Question: are some of them there
Answer: two are there

  Options: 1. I am not sure how many asparagus are in the workshop
2. I am not sure if some of the asparagus are in the workshop
3. the asparagus are not in the workshop
4. two of the asparagus are in the workshop

  The number of the option that captures the explicit answer:
  2. I am not sure if some of the asparagus are in the workshop"
"Question: did you leave the beans in the office
Answer: I left the watermelons there",I didn't leave the beans in the office,"1. I didn't leave the beans in the office
2. the beans are in the office
3. I left the watermelons in the office
4. I didn't leave the watermelons in the office","Question: were you in the basement

  Answer: I journeyed to the laundry

  Options: 1. I was in the basement
 2. I was in the playroom
 3. I was not in the basement
 4. I was not in the crawlspace

  Explict answer: I was not in the basement

  Question: was Emily there

  Answer: she was in the playroom

  Options: 1. Emily was in the laundry
 2. Emily was not in the laundry
 3. I was not in the laundry
 4. I don't know

  Explict answer: Emily was not in the laundry

  Given this dialogue, choose the correct explicit answer option that captures the implicature of the answer.

  Question: did you leave the beans in the office
Answer: I left the watermelons there

  Options: 1. I didn't leave the beans in the office
2. the beans are in the office
3. I left the watermelons in the office
4. I didn't leave the watermelons in the office

  The number of the option that captures the explicit answer:
  1. I didn't leave the beans in the office

  The number of the option that captures the implicature of the answer:
  3. I left the watermelons in the office

  Note: The correct explicit answer option is option 1, but the implicature of the answer is that the beans are not in the office, which is option 2."
"Question: are all the persimmons in the pantry
Answer: some are there",not all the persimmons are in the pantry,"1. three of the persimmons are in the pantry
2. I am not sure if all of the persimmons are in the pantry
3. not all the persimmons are in the pantry
4. all of the beans are in the pantry","Question: were you in the basement

  Answer: I journeyed to the laundry

  Options: 1. I was in the basement
 2. I was in the playroom
 3. I was not in the basement
 4. I was not in the crawlspace

  Explict answer: I was not in the basement

  Question: was Emily there

  Answer: she was in the playroom

  Options: 1. Emily was in the laundry
 2. Emily was not in the laundry
 3. I was not in the laundry
 4. I don't know

  Explict answer: Emily was not in the laundry

  Given this dialogue, choose the correct explicit answer option that captures the implicature of the answer.

  Question: are all the persimmons in the pantry
Answer: some are there

  Options: 1. three of the persimmons are in the pantry
2. I am not sure if all of the persimmons are in the pantry
3. not all the persimmons are in the pantry
4. all of the beans are in the pantry

  The number of the option that captures the explicit answer:
  1. three of the persimmons are in the pantry

  The implicature of the answer is:
  2. I am not sure if all of the persimmons are in the pantry"
"Question: are some of the peas there
Answer: Nathan said he left all of them there",all the peas are in the pantry,"1. some of the peas are in the pantry
2. I am not sure if some of the peas are in the pantry
3. all of the peas are in the pantry
4. all the peas are in the pantry","Question: were you in the basement

  Answer: I journeyed to the laundry

  Options: 1. I was in the basement
 2. I was in the playroom
 3. I was not in the basement
 4. I was not in the crawlspace

  Explict answer: I was not in the basement

  Question: was Emily there

  Answer: she was in the playroom

  Options: 1. Emily was in the laundry
 2. Emily was not in the laundry
 3. I was not in the laundry
 4. I don't know

  Explict answer: Emily was not in the laundry

  Given this dialogue, choose the correct explicit answer option that captures the implicature of the answer.

  Question: are some of the peas there
Answer: Nathan said he left all of them there

  Options: 1. some of the peas are in the pantry
2. I am not sure if some of the peas are in the pantry
3. all of the peas are in the pantry
4. all the peas are in the pantry

  The number of the option that captures the explicit answer:
  1. some of the peas are in the pantry"
"Question: were you in the master_bedroom
Answer: I journeyed to the workshop",I was not in the master_bedroom,"1. I don't know
2. I was not in the master_bedroom
3. I was in the laundry
4. I was in the master_bedroom","Question: were you in the basement

  Answer: I journeyed to the laundry

  Options: 1. I was in the basement
 2. I was in the playroom
 3. I was not in the basement
 4. I was not in the crawlspace

  Explict answer: I was not in the basement

  Question: was Emily there

  Answer: she was in the playroom

  Options: 1. Emily was in the laundry
 2. Emily was not in the laundry
 3. I was not in the laundry
 4. I don't know

  Explict answer: Emily was not in the laundry

  Given this dialogue, choose the correct explicit answer option that captures the implicature of the answer.

  Question: were you in the master_bedroom
Answer: I journeyed to the workshop

  Options: 1. I don't know
2. I was not in the master_bedroom
3. I was in the laundry
4. I was in the master_bedroom

  The number of the option that captures the explicit answer:
  1, 2, 3, or 4.

  Explict answer: I was not in the master_bedroom."
"Question: where can I find the beans
Answer: they are in the master_bedroom or the garage",I am not sure where the beans are,"1. the beans are in the laundry
2. the beans are not in the garage
3. I was not in the garage
4. I am not sure where the beans are","Question: were you in the basement

  Answer: I journeyed to the laundry

  Options: 1. I was in the basement
 2. I was in the playroom
 3. I was not in the basement
 4. I was not in the crawlspace

  Explict answer: I was not in the basement

  Question: was Emily there

  Answer: she was in the playroom

  Options: 1. Emily was in the laundry
 2. Emily was not in the laundry
 3. I was not in the laundry
 4. I don't know

  Explict answer: Emily was not in the laundry

  Given this dialogue, choose the correct explicit answer option that captures the implicature of the answer.

  Question: where can I find the beans
Answer: they are in the master_bedroom or the garage

  Options: 1. the beans are in the laundry
2. the beans are not in the garage
3. I was not in the garage
4. I am not sure where the beans are

  The number of the option that captures the explicit answer:
  1. the beans are in the master_bedroom

  Explict answer: the beans are in the master_bedroom

  Question: what color is the car

  Answer: it is blue

  Options: 1. the car is red
2. the car is blue
3. the car is green
4. the car is not blue

  Explict answer: the car is blue

  Question: is the car in the garage

  Answer: it is not in the garage

  Options: 1. the car is in the garage
2. the car is not in the garage
3. I don't know where the car is
4. I was not in the garage

  Explict answer: the car is not in the garage

  Question: is Emily in the master_bedroom

  Answer: she is not in the master_bedroom

  Options"
"Question: did Carter go to the garage 
Answer: he journeyed to the laundry",Carter was not in the garage,"1. I don't know if Carter was in the garage
2. I don't know
3. Carter was not in the garage
4. Carter was in the garage","Question: were you in the basement

  Answer: I journeyed to the laundry

  Options: 1. I was in the basement
 2. I was in the playroom
 3. I was not in the basement
 4. I was not in the crawlspace

  Explict answer: I was not in the basement

  Question: was Emily there

  Answer: she was in the playroom

  Options: 1. Emily was in the laundry
 2. Emily was not in the laundry
 3. I was not in the laundry
 4. I don't know

  Explict answer: Emily was not in the laundry

  Given this dialogue, choose the correct explicit answer option that captures the implicature of the answer.

  Question: did Carter go to the garage 
Answer: he journeyed to the laundry

  Options: 1. I don't know if Carter was in the garage
2. I don't know
3. Carter was not in the garage
4. Carter was in the garage

  The number of the option that captures the explicit answer:
  1. I don't know if Carter was in the garage

  Explict answer: I don't know if Carter was in the garage

  Note: the answer is based on the implicature of the answer, not the literal meaning of the answer.

  Can you explain why option 1 is the correct answer?

  Sure! The answer ""he journeyed to the laundry"" implies that the speaker does not know if Carter was in the garage. The speaker is providing information about their own location and activities, and making no claim about Carter's whereabouts. Therefore, option 1 is the correct answer, as it captures the implicature of the answer.

  Would you like to try another question?"
"Question: where did Mila go
Answer: she journeyed to the laundry and the master_bedroom",Mila journeyed to the laundry and then the workshop,"1. I was not in the laundry
2. I was in the master_bedroom
3. Mila journeyed to the laundry and then the workshop
4. I was in the laundry","Question: were you in the basement

  Answer: I journeyed to the laundry

  Options: 1. I was in the basement
 2. I was in the playroom
 3. I was not in the basement
 4. I was not in the crawlspace

  Explict answer: I was not in the basement

  Question: was Emily there

  Answer: she was in the playroom

  Options: 1. Emily was in the laundry
 2. Emily was not in the laundry
 3. I was not in the laundry
 4. I don't know

  Explict answer: Emily was not in the laundry

  Given this dialogue, choose the correct explicit answer option that captures the implicature of the answer.

  Question: where did Mila go
Answer: she journeyed to the laundry and the master_bedroom

  Options: 1. I was not in the laundry
2. I was in the master_bedroom
3. Mila journeyed to the laundry and then the workshop
4. I was in the laundry

  The number of the option that captures the explicit answer:
  2. Mila journeyed to the master_bedroom

  The correct answer is:

  2. Mila journeyed to the master_bedroom

  The implicature of the answer is that Mila did not go to the laundry.

  The question: where did Mila go is ambiguous and the answer could be either option 1 or option 2. The answer chosen by the speaker is option 2, which implies that Mila did not go to the laundry.

  The explicit answer is option 2, which captures the implicature of the answer.

  The correct answer is:

  2. Mila journeyed to the master_bedroom"
"Question: did Mia leave the broccolis in the staircase
Answer: I didn't see her",I don't know if Mia leave the broccolis in the staircase,"1. Mia leave the broccolis in the staircase
2. Mia didn't leave the broccolis in the staircase
3. I don't know if Mia leave the broccolis in the staircase
4. I didn't leave the broccolis in the staircase","Question: were you in the basement

  Answer: I journeyed to the laundry

  Options: 1. I was in the basement
 2. I was in the playroom
 3. I was not in the basement
 4. I was not in the crawlspace

  Explict answer: I was not in the basement

  Question: was Emily there

  Answer: she was in the playroom

  Options: 1. Emily was in the laundry
 2. Emily was not in the laundry
 3. I was not in the laundry
 4. I don't know

  Explict answer: Emily was not in the laundry

  Given this dialogue, choose the correct explicit answer option that captures the implicature of the answer.

  Question: did Mia leave the broccolis in the staircase
Answer: I didn't see her

  Options: 1. Mia leave the broccolis in the staircase
2. Mia didn't leave the broccolis in the staircase
3. I don't know if Mia leave the broccolis in the staircase
4. I didn't leave the broccolis in the staircase

  The number of the option that captures the explicit answer:
  1. Mia didn't leave the broccolis in the staircase"
"Question: are all of them there
Answer: some are there",not all the broccolis are in the staircase,"1. I was not in the staircase
2. I am not sure if all of the broccolis are in the staircase
3. all of the broccolis are in the staircase
4. not all the broccolis are in the staircase","Question: were you in the basement

  Answer: I journeyed to the laundry

  Options: 1. I was in the basement
 2. I was in the playroom
 3. I was not in the basement
 4. I was not in the crawlspace

  Explict answer: I was not in the basement

  Question: was Emily there

  Answer: she was in the playroom

  Options: 1. Emily was in the laundry
 2. Emily was not in the laundry
 3. I was not in the laundry
 4. I don't know

  Explict answer: Emily was not in the laundry

  Given this dialogue, choose the correct explicit answer option that captures the implicature of the answer.

  Question: are all of them there
Answer: some are there

  Options: 1. I was not in the staircase
2. I am not sure if all of the broccolis are in the staircase
3. all of the broccolis are in the staircase
4. not all the broccolis are in the staircase

  The number of the option that captures the explicit answer:
  3. all of the broccolis are in the staircase"
