Sentence #,LlaMa-7b_chat Response
1,"Given the syntactic phenomenon from SyntaxGym, choose the correct option that demonstrates grammaticality.
['As the doctor studied the book.', 'The doctor studied the book.', 'As the doctor studied the book, the nurse walked into the room.', 'The doctor studied the book, the nurse walked into the room.']
Answer with the sentence that is grammatically correct: 

['The doctor studied the book.']

Explanation:

The sentence ""As the doctor studied the book"" is not"
2,"Given the syntactic phenomenon from SyntaxGym, choose the correct option that demonstrates grammaticality.
['After the man shot the bird.', 'The man shot the bird.', 'After the man shot the bird, he loaded his gun.', 'The man shot the bird, he loaded his gun.']
Answer with the sentence that is grammatically correct: 
The correct option is:
'The man shot the bird.'

Explanation:
The other options are not grammatically correct because"
3,"Given the syntactic phenomenon from SyntaxGym, choose the correct option that demonstrates grammaticality.
['Because the students did not like the material.', 'The students did not like the material.', 'Because the students did not like the material, they complained to the principal.', 'The students did not like the material, they complained to the principal.']
Answer with the sentence that is grammatically correct: 
['The students did not like the material.']
Explanation:
In this sentence, the subject-verb agreement is incorrect. The"
4,"Given the syntactic phenomenon from SyntaxGym, choose the correct option that demonstrates grammaticality.
['When the general entered the camp.', 'The general entered the camp.', 'When the general entered the camp, the soldiers cheered.', 'The general entered the camp, the soldiers cheered.']
Answer with the sentence that is grammatically correct: 
'The general entered the camp.'

Explanation:
The sentence 'The general entered the camp' is grammatically correct because it"
5,"Given the syntactic phenomenon from SyntaxGym, choose the correct option that demonstrates grammaticality.
['After the delivery man delivered the newspaper.', 'The delivery man delivered the newspaper.', 'After the delivery man delivered the newspaper, the dog looked at the door.', 'The delivery man delivered the newspaper, the dog looked at the door.']
Answer with the sentence that is grammatically correct: 
The correct answer is:
The delivery man delivered the newspaper.
Explanation:
In this sentence, ""delivered"" is"
6,"Given the syntactic phenomenon from SyntaxGym, choose the correct option that demonstrates grammaticality.
['While the lawyers printed the documents.', 'The lawyers printed the documents.', 'While the lawyers printed the documents, the aids made coffee.', 'The lawyers printed the documents, the aids made coffee.']
Answer with the sentence that is grammatically correct: 

The lawyers printed the documents.

Explanation: In this sentence, the subject-verb agreement is correct, with """
7,"Given the syntactic phenomenon from SyntaxGym, choose the correct option that demonstrates grammaticality.
['Because the editor liked the draft.', 'The editor liked the draft.', 'Because the editor liked the draft, he published it the next month.', 'The editor liked the draft, he published it the next month.']
Answer with the sentence that is grammatically correct: 
The correct answer is:
The editor liked the draft.
Explanation:
In this sentence, ""the editor"" is the subject"
8,"Given the syntactic phenomenon from SyntaxGym, choose the correct option that demonstrates grammaticality.
['Since the nurse lost her documents.', 'The nurse lost her documents.', 'Since the nurse lost her documents, she administered the wrong medicine.', 'The nurse lost her documents, she administered the wrong medicine.']
Answer with the sentence that is grammatically correct: 

'The nurse lost her documents.'

Explanation:
In this sentence, the subject of the sentence is ""the nur"
9,"Given the syntactic phenomenon from SyntaxGym, choose the correct option that demonstrates grammaticality.
['Because the scientist broke the computer.', 'The scientist broke the computer.', 'Because the scientist broke the computer, the administrator wrote everything by hand.', 'The scientist broke the computer, the administrator wrote everything by hand.']
Answer with the sentence that is grammatically correct: 
Because the scientist broke the computer.

Explanation:
The sentence ""Because the scientist broke the computer"" is"
10,"Given the syntactic phenomenon from SyntaxGym, choose the correct option that demonstrates grammaticality.
['After the minister praised the new building.', 'The minister praised the new building.', 'After the minister praised the new building, it started to rain.', 'The minister praised the new building, it started to rain.']
Answer with the sentence that is grammatically correct: 

['The minister praised the new building.']

Explanation:
In this sentence, the subject-verb-object ("
11,"Given the syntactic phenomenon from SyntaxGym, choose the correct option that demonstrates grammaticality.
['Because the architect read the plans.', 'The architect read the plans.', 'Because the architect read the plans, the house was built correctly.', 'The architect read the plans, the house was built correctly.']
Answer with the sentence that is grammatically correct: 
The correct answer is:
Because the architect read the plans.
Explanation:
The sentence ""Because the architect read the"
12,"Given the syntactic phenomenon from SyntaxGym, choose the correct option that demonstrates grammaticality.
['Before the actor delivered the speech.', 'The actor delivered the speech.', 'Before the actor delivered the speech, she took a deep breath.', 'The actor delivered the speech, she took a deep breath.']
Answer with the sentence that is grammatically correct: 

The correct answer is: Before the actor delivered the speech, she took a deep breath.

Explanation:
The sentence """
13,"Given the syntactic phenomenon from SyntaxGym, choose the correct option that demonstrates grammaticality.
['While the pianist practiced the music.', 'The pianist practiced the music.', 'While the pianist practiced the music, the conductor stretched his arms.', 'The pianist practiced the music, the conductor stretched his arms.']
Answer with the sentence that is grammatically correct: 
The correct answer is:
('The pianist practiced the music.')
Explanation:
In this sentence, ""the pian"
14,"Given the syntactic phenomenon from SyntaxGym, choose the correct option that demonstrates grammaticality.
['Although the students enjoyed the novel.', 'The students enjoyed the novel.', 'Although the students enjoyed the novel, the teacher considered it poorly written.', 'The students enjoyed the novel, the teacher considered it poorly written.']
Answer with the sentence that is grammatically correct: 
The students enjoyed the novel.

Explanation: In this sentence, the subject-verb agreement is maintained, and the verb ""en"
15,"Given the syntactic phenomenon from SyntaxGym, choose the correct option that demonstrates grammaticality.
['While the maid read the magazine.', 'The maid read the magazine.', 'While the maid read the magazine, the customer waited at her table.', 'The maid read the magazine, the customer waited at her table.']
Answer with the sentence that is grammatically correct: 

The correct answer is: 'The maid read the magazine.'

Explanation:
The phrase ""while X was reading Y"
16,"Given the syntactic phenomenon from SyntaxGym, choose the correct option that demonstrates grammaticality.
['Before the assistant wrote the letter.', 'The assistant wrote the letter.', 'Before the assistant wrote the letter, she had a cup of coffee.', 'The assistant wrote the letter, she had a cup of coffee.']
Answer with the sentence that is grammatically correct: 
The assistant wrote the letter.
Explanation:
The sentence ""Before the assistant wrote the letter"" is incorrect because it is not clear"
17,"Given the syntactic phenomenon from SyntaxGym, choose the correct option that demonstrates grammaticality.
['After the diplomat presented the file.', 'The diplomat presented the file.', 'After the diplomat presented the file, the ambassador gave a speech.', 'The diplomat presented the file, the ambassador gave a speech.']
Answer with the sentence that is grammatically correct: 
['The diplomat presented the file.']
Explanation:
In this sentence, the subject-verb-object word order is followed"
18,"Given the syntactic phenomenon from SyntaxGym, choose the correct option that demonstrates grammaticality.
['While the officials reviewed the contract.', 'The officials reviewed the contract.', 'While the officials reviewed the contract, the players waited nervously.', 'The officials reviewed the contract, the players waited nervously.']
Answer with the sentence that is grammatically correct: 
The officials reviewed the contract.

Explanation:
In this sentence, the subject-verb agreement is essential. The subject is"
19,"Given the syntactic phenomenon from SyntaxGym, choose the correct option that demonstrates grammaticality.
['Because the clerk lost the plans.', 'The clerk lost the plans.', 'Because the clerk lost the plans, the detective looked elsewhere.', 'The clerk lost the plans, the detective looked elsewhere.']
Answer with the sentence that is grammatically correct: 

The correct answer is:
The clerk lost the plans.

Explanation:
In this sentence, the subject is """
20,"Given the syntactic phenomenon from SyntaxGym, choose the correct option that demonstrates grammaticality.
['While the tourists read the guide.', 'The tourists read the guide.', 'While the tourists read the guide, the children played in the sand.', 'The tourists read the guide, the children played in the sand.']
Answer with the sentence that is grammatically correct: 
['The tourists read the guide.']
Explanation: In this sentence, the subject is ""tourists"" and the verb"
21,"Given the syntactic phenomenon from SyntaxGym, choose the correct option that demonstrates grammaticality.
['When the politicians passed the new law.', 'The politicians passed the new law.', 'When the politicians passed the new law, the protestors blocked traffic outside.', 'The politicians passed the new law, the protestors blocked traffic outside.']
Answer with the sentence that is grammatically correct: 

The correct option is:

'The politicians passed the new law.'

Explanation:

In this sentence,"
22,"Given the syntactic phenomenon from SyntaxGym, choose the correct option that demonstrates grammaticality.
['When the police found new evidence.', 'The police found new evidence.', 'When the police found new evidence, the judge declared a mistrial.', 'The police found new evidence, the judge declared a mistrial.']
Answer with the sentence that is grammatically correct: 

['The police found new evidence.']

Explanation:

In this sentence, the subject-verb agreement is important."
23,"Given the syntactic phenomenon from SyntaxGym, choose the correct option that demonstrates grammaticality.
['Before the students handed in their papers.', 'The students handed in their papers.', 'Before the students handed in their papers, they revised them all night long.', 'The students handed in their papers, they revised them all night long.']
Answer with the sentence that is grammatically correct: 
['The students handed in their papers.']
Explanation:
The correct sentence is ""The students handed in their papers."" The other"
24,"Given the syntactic phenomenon from SyntaxGym, choose the correct option that demonstrates grammaticality.
['As the doctor who the administrator had recently hired studied the book that colleagues had written on cancer therapy.', 'The doctor who the administrator had recently hired studied the book that colleagues had written on cancer therapy.', 'As the doctor who the administrator had recently hired studied the book that colleagues had written on cancer therapy, the nurse walked into the room.', 'The doctor who the administrator had recently hired studied the book that colleagues had written on cancer therapy, the nurse walked into the room.']
Answer with the sentence that is grammatically correct: 

The correct answer is:

'The doctor who the administrator had recently hired studied the book that colleagues had written on cancer ther"
25,"Given the syntactic phenomenon from SyntaxGym, choose the correct option that demonstrates grammaticality.
['After the man who a friend had helped shot the bird that he had been tracking secretly.', 'The man who a friend had helped shot the bird that he had been tracking secretly.', 'After the man who a friend had helped shot the bird that he had been tracking secretly, he loaded his gun.', 'The man who a friend had helped shot the bird that he had been tracking secretly, he loaded his gun.']
Answer with the sentence that is grammatically correct: 

['After the man who a friend had helped shot the bird that he had been tracking secretly, he loaded his gun.']

"
26,"Given the syntactic phenomenon from SyntaxGym, choose the correct option that demonstrates grammaticality.
['Because the students who the teacher had in her class did not like the material that the teacher used to cover evolution.', 'The students who the teacher had in her class did not like the material that the teacher used to cover evolution.', 'Because the students who the teacher had in her class did not like the material that the teacher used to cover evolution, they complained to the principal.', 'The students who the teacher had in her class did not like the material that the teacher used to cover evolution, they complained to the principal.']
Answer with the sentence that is grammatically correct: 
Because the students who the teacher had in her class did not like the material that the teacher used to cover evolution, they complained to the"
27,"Given the syntactic phenomenon from SyntaxGym, choose the correct option that demonstrates grammaticality.
['When the general who the officer had given a uniform entered the camp that the colonel constructed two years ago.', 'The general who the officer had given a uniform entered the camp that the colonel constructed two years ago.', 'When the general who the officer had given a uniform entered the camp that the colonel constructed two years ago, the soldiers cheered.', 'The general who the officer had given a uniform entered the camp that the colonel constructed two years ago, the soldiers cheered.']
Answer with the sentence that is grammatically correct: 
['The general who the officer had given a uniform entered the camp that the colonel constructed two years ago, the soldiers cheered.']
"
28,"Given the syntactic phenomenon from SyntaxGym, choose the correct option that demonstrates grammaticality.
['After the trainer who the dog feared delivered the newspaper that the resident had ordered.', 'The trainer who the dog feared delivered the newspaper that the resident had ordered.', 'After the trainer who the dog feared delivered the newspaper that the resident had ordered, the dog looked at the door.', 'The trainer who the dog feared delivered the newspaper that the resident had ordered, the dog looked at the door.']
Answer with the sentence that is grammatically correct: 
The correct option is (B): The trainer who the dog feared delivered the newspaper that the resident had ordered.

Explanation"
29,"Given the syntactic phenomenon from SyntaxGym, choose the correct option that demonstrates grammaticality.
['While the lawyers who the client had hired printed the documents that the client never requested.', 'The lawyers who the client had hired printed the documents that the client never requested.', 'While the lawyers who the client had hired printed the documents that the client never requested, the aids made coffee.', 'The lawyers who the client had hired printed the documents that the client never requested, the aids made coffee.']
Answer with the sentence that is grammatically correct: 
['The lawyers who the client had hired printed the documents that the client never requested.']
Explanation:
In this"
30,"Given the syntactic phenomenon from SyntaxGym, choose the correct option that demonstrates grammaticality.
['Because the editor who the author knew well liked the draft that the celebrity had written.', 'The editor who the author knew well liked the draft that the celebrity had written.', 'Because the editor who the author knew well liked the draft that the celebrity had written, he published it the next month.', 'The editor who the author knew well liked the draft that the celebrity had written, he published it the next month.']
Answer with the sentence that is grammatically correct: 

The correct answer is:

'The editor who the author knew well liked the draft that the celebrity had written, he published it"
31,"Given the syntactic phenomenon from SyntaxGym, choose the correct option that demonstrates grammaticality.
['Since the nurse who the doctor had met only once lost her documents that she had bought from an expensive store.', 'The nurse who the doctor had met only once lost her documents that she had bought from an expensive store.', 'Since the nurse who the doctor had met only once lost her documents that she had bought from an expensive store, she administered the wrong medicine.', 'The nurse who the doctor had met only once lost her documents that she had bought from an expensive store, she administered the wrong medicine.']
Answer with the sentence that is grammatically correct: 

['Since the nurse who the doctor had met only once lost her documents that she had bought from an expensive store, she administered"
32,"Given the syntactic phenomenon from SyntaxGym, choose the correct option that demonstrates grammaticality.
['Because the scientist who the contractor had recommended broke the computer that the administrator moved to the basement.', 'The scientist who the contractor had recommended broke the computer that the administrator moved to the basement.', 'Because the scientist who the contractor had recommended broke the computer that the administrator moved to the basement, the administrator wrote everything by hand.', 'The scientist who the contractor had recommended broke the computer that the administrator moved to the basement, the administrator wrote everything by hand.']
Answer with the sentence that is grammatically correct: 

Because the scientist who the contractor had recommended broke the computer that the administrator moved to the basement, the administrator wrote everything by"
33,"Given the syntactic phenomenon from SyntaxGym, choose the correct option that demonstrates grammaticality.
['After the minister who the mayor had invited praised the new building that the businessman had built downtown.', 'The minister who the mayor had invited praised the new building that the businessman had built downtown.', 'After the minister who the mayor had invited praised the new building that the businessman had built downtown, it started to rain.', 'The minister who the mayor had invited praised the new building that the businessman had built downtown, it started to rain.']
Answer with the sentence that is grammatically correct: 

['After the minister who the mayor had invited praised the new building that the businessman had built downtown, it started to rain"
34,"Given the syntactic phenomenon from SyntaxGym, choose the correct option that demonstrates grammaticality.
['Because the architect who the mayor respected very much read the proposal that the housing authority drafted.', 'The architect who the mayor respected very much read the proposal that the housing authority drafted.', 'Because the architect who the mayor respected very much read the proposal that the housing authority drafted, the house was built correctly.', 'The architect who the mayor respected very much read the proposal that the housing authority drafted, the house was built correctly.']
Answer with the sentence that is grammatically correct: 

The correct option is:

Because the architect who the mayor respected very much read the proposal that the housing authority drafted."
35,"Given the syntactic phenomenon from SyntaxGym, choose the correct option that demonstrates grammaticality.
['Before the actor who the director praised openly delivered the speech that the author had written yesterday.', 'The actor who the director praised openly delivered the speech that the author had written yesterday.', 'Before the actor who the director praised openly delivered the speech that the author had written yesterday, she took a deep breath.', 'The actor who the director praised openly delivered the speech that the author had written yesterday, she took a deep breath.']
Answer with the sentence that is grammatically correct: 
['The actor who the director praised openly delivered the speech that the author had written yesterday.']

Explanation:
In"
36,"Given the syntactic phenomenon from SyntaxGym, choose the correct option that demonstrates grammaticality.
['While the pianist who the critic did not like practiced the music that the composer had written.', 'The pianist who the critic did not like practiced the music that the composer had written.', 'While the pianist who the critic did not like practiced the music that the composer had written, the conductor stretched his arms.', 'The pianist who the critic did not like practiced the music that the composer had written, the conductor stretched his arms.']
Answer with the sentence that is grammatically correct: 
'The pianist who the critic did not like practiced the music that the composer had written.'

Explanation:
In this"
37,"Given the syntactic phenomenon from SyntaxGym, choose the correct option that demonstrates grammaticality.
['Although the students who the principle had disciplined enjoyed the novel that the school administrator had written.', 'The students who the principle had disciplined enjoyed the novel that the school administrator had written.', 'Although the students who the principle had disciplined enjoyed the novel that the school administrator had written, the teacher considered it poorly written.', 'The students who the principle had disciplined enjoyed the novel that the school administrator had written, the teacher considered it poorly written.']
Answer with the sentence that is grammatically correct: 
['Although the students who the principle had disciplined enjoyed the novel that the school administrator had written.']

Explanation:
"
38,"Given the syntactic phenomenon from SyntaxGym, choose the correct option that demonstrates grammaticality.
['While the maid who the chef had yelled at read the magazine that the shift manager left behind.', 'The maid who the chef had yelled at read the magazine that the shift manager left behind.', 'While the maid who the chef had yelled at read the magazine that the shift manager left behind, the customer waited at her table.', 'The maid who the chef had yelled at read the magazine that the shift manager left behind, the customer waited at her table.']
Answer with the sentence that is grammatically correct: 

The correct option is:

While the maid who the chef had yelled at read the magazine that the shift manager left behind"
39,"Given the syntactic phenomenon from SyntaxGym, choose the correct option that demonstrates grammaticality.
['Before the assistant who the boss moved down the hall wrote the letter that the lawyer threw away.', 'The assistant who the boss moved down the hall wrote the letter that the lawyer threw away.', 'Before the assistant who the boss moved down the hall wrote the letter that the lawyer threw away, she had a cup of coffee.', 'The assistant who the boss moved down the hall wrote the letter that the lawyer threw away, she had a cup of coffee.']
Answer with the sentence that is grammatically correct: 
['The assistant who the boss moved down the hall wrote the letter that the lawyer threw away.']
Explanation:
In this"
40,"Given the syntactic phenomenon from SyntaxGym, choose the correct option that demonstrates grammaticality.
['After the diplomat who the spy had contacted repeatedly presented the file that the assistant had written.', 'The diplomat who the spy had contacted repeatedly presented the file that the assistant had written.', 'After the diplomat who the spy had contacted repeatedly presented the file that the assistant had written, the ambassador gave a speech.', 'The diplomat who the spy had contacted repeatedly presented the file that the assistant had written, the ambassador gave a speech.']
Answer with the sentence that is grammatically correct: 
'The diplomat who the spy had contacted repeatedly presented the file that the assistant had written.'

Explanation:
In"
41,"Given the syntactic phenomenon from SyntaxGym, choose the correct option that demonstrates grammaticality.
['While the officials who the coaches had bribed handsomely reviewed the contract that the lawyers had written.', 'The officials who the coaches had bribed handsomely reviewed the contract that the lawyers had written.', 'While the officials who the coaches had bribed handsomely reviewed the contract that the lawyers had written, the players waited nervously.', 'The officials who the coaches had bribed handsomely reviewed the contract that the lawyers had written, the players waited nervously.']
Answer with the sentence that is grammatically correct: 

The correct answer is:

['The officials who the coaches had bribed handsomely reviewed the contract that the law"
42,"Given the syntactic phenomenon from SyntaxGym, choose the correct option that demonstrates grammaticality.
['Because the clerk who the citizens liked greatly lost the plans that the city planners had drafted.', 'The clerk who the citizens liked greatly lost the plans that the city planners had drafted.', 'Because the clerk who the citizens liked greatly lost the plans that the city planners had drafted, the detective looked elsewhere.', 'The clerk who the citizens liked greatly lost the plans that the city planners had drafted, the detective looked elsewhere.']
Answer with the sentence that is grammatically correct: 
['Because the clerk who the citizens liked greatly lost the plans that the city planners had drafted, the detective looked elsewhere"
43,"Given the syntactic phenomenon from SyntaxGym, choose the correct option that demonstrates grammaticality.
['While the tourists who the locals found strange read the guide that the maid had given them.', 'The tourists who the locals found strange read the guide that the maid had given them.', 'While the tourists who the locals found strange read the guide that the maid had given them, the children played in the sand.', 'The tourists who the locals found strange read the guide that the maid had given them, the children played in the sand.']
Answer with the sentence that is grammatically correct: 

['The tourists who the locals found strange read the guide that the maid had given them.']

Explanation:"
44,"Given the syntactic phenomenon from SyntaxGym, choose the correct option that demonstrates grammaticality.
['When the politicians who the lobbyists trusted passed the new law that all the shop owners strongly opposed.', 'The politicians who the lobbyists trusted passed the new law that all the shop owners strongly opposed.', 'When the politicians who the lobbyists trusted passed the new law that all the shop owners strongly opposed, the protestors walked down the street.', 'The politicians who the lobbyists trusted passed the new law that all the shop owners strongly opposed, the protestors walked down the street.']
Answer with the sentence that is grammatically correct: 
The correct answer is:
'The politicians who the lobbyists trusted passed the new law that all the shop owners strongly"
45,"Given the syntactic phenomenon from SyntaxGym, choose the correct option that demonstrates grammaticality.
['When the police who the officer had given pistols found new evidence that the suspect had hidden.', 'The police who the officer had given pistols found new evidence that the suspect had hidden.', 'When the police who the officer had given pistols found new evidence that the suspect had hidden, the judge declared a mistrial.', 'The police who the officer had given pistols found new evidence that the suspect had hidden, the judge declared a mistrial.']
Answer with the sentence that is grammatically correct: 
['The police who the officer had given pistols found new evidence that the suspect had hidden, the judge declared a mistrial.']
"
46,"Given the syntactic phenomenon from SyntaxGym, choose the correct option that demonstrates grammaticality.
['Before the students who the committee had praised handed in their papers that the teacher assigned them.', 'The students who the committee had praised handed in their papers that the teacher assigned them.', 'Before the students who the committee had praised handed in their papers that the teacher assigned them, they revised them all night long.', 'The students who the committee had praised handed in their papers that the teacher assigned them, they revised them all night long.']
Answer with the sentence that is grammatically correct: 

['The students who the committee had praised handed in their papers that the teacher assigned them.']

Explanation:

"
47,"Given the syntactic phenomenon from SyntaxGym, choose the correct option that demonstrates grammaticality.
['The painting that the artist painted deteriorated', 'The painting that the artist deteriorated painted']
Answer with the sentence that is grammatically correct: 
['The painting that the artist painted deteriorated']
Explanation: In this sentence, the subject is ""the painting"" and"
48,"Given the syntactic phenomenon from SyntaxGym, choose the correct option that demonstrates grammaticality.
['The storm that the captain feared subsided', 'The storm that the captain subsided feared']
Answer with the sentence that is grammatically correct: 
The storm that the captain feared subsided.
Explanation: In this sentence, the subject of the sentence is ""storm,"""
49,"Given the syntactic phenomenon from SyntaxGym, choose the correct option that demonstrates grammaticality.
['The girl that the bug frightened shouted', 'The girl that the bug shouted frightened']
Answer with the sentence that is grammatically correct: 
The girl that the bug frightened shouted.
Explanation: In this sentence, ""the girl"" is the subject of the sentence"
50,"Given the syntactic phenomenon from SyntaxGym, choose the correct option that demonstrates grammaticality.
['The baby that the woman held yelled', 'The baby that the woman yelled held']
Answer with the sentence that is grammatically correct: 
The baby that the woman held yelled.

Explanation: In this sentence, the subject of the sentence is ""baby,"""
51,"Given the syntactic phenomenon from SyntaxGym, choose the correct option that demonstrates grammaticality.
['The soldier that the bullet wounded died', 'The soldier that the bullet died wounded']
Answer with the sentence that is grammatically correct: 
['The soldier that the bullet wounded died']

Explanation:
In this sentence, the subject ""the soldier"" is in the"
52,"Given the syntactic phenomenon from SyntaxGym, choose the correct option that demonstrates grammaticality.
['The storm that the scientist predicted intensified', 'The storm that the scientist intensified predicted']
Answer with the sentence that is grammatically correct: 

The storm that the scientist predicted intensified.

Explanation: The sentence ""The storm that the scientist intensified predicted"
53,"Given the syntactic phenomenon from SyntaxGym, choose the correct option that demonstrates grammaticality.
['The convict that the cop arrested escaped', 'The convict that the cop escaped arrested']
Answer with the sentence that is grammatically correct: 
['The convict that the cop arrested escaped']

Explanation: In this sentence, the subject of the sentence is ""the conv"
54,"Given the syntactic phenomenon from SyntaxGym, choose the correct option that demonstrates grammaticality.
['The computer that the secretary bought crashed', 'The computer that the secretary crashed bought']
Answer with the sentence that is grammatically correct: 
['The computer that the secretary bought crashed']
Explanation: In this sentence, the subject is 'the computer', and the verb"
55,"Given the syntactic phenomenon from SyntaxGym, choose the correct option that demonstrates grammaticality.
['The floor that the maid swept cracked', 'The floor that the maid cracked swept']
Answer with the sentence that is grammatically correct: 
['The floor that the maid swept cracked']

Explanation:
In this sentence, the subject ""the floor"""
56,"Given the syntactic phenomenon from SyntaxGym, choose the correct option that demonstrates grammaticality.
['The yacht that the millionaires bought sank', 'The yacht that the millionaires sank bought']
Answer with the sentence that is grammatically correct: 

['The yacht that the millionaires bought sank']

Explanation:

In this sentence, the subject is """
57,"Given the syntactic phenomenon from SyntaxGym, choose the correct option that demonstrates grammaticality.
['The shirt that the man bought ripped', 'The shirt that the man ripped bought']
Answer with the sentence that is grammatically correct: 

The correct answer is: ['The shirt that the man bought ripped']

Explanation:
The sentence 'The sh"
58,"Given the syntactic phenomenon from SyntaxGym, choose the correct option that demonstrates grammaticality.
['The water that the maid poured evaporated', 'The water that the maid evaporated poured']
Answer with the sentence that is grammatically correct: 

['The water that the maid poured evaporated']

Explanation:
In this sentence, the subject is """
59,"Given the syntactic phenomenon from SyntaxGym, choose the correct option that demonstrates grammaticality.
['The building that the workers built collapsed', 'The building that the workers collapsed built']
Answer with the sentence that is grammatically correct: 
['The building that the workers built collapsed']
Explanation:
The sentence 'The building that the workers collapsed built' is"
60,"Given the syntactic phenomenon from SyntaxGym, choose the correct option that demonstrates grammaticality.
['The bones that the doctor examined broke', 'The bones that the doctor broke examined']
Answer with the sentence that is grammatically correct: 
The bones that the doctor examined broke.
Explanation: In this sentence, the subject of the sentence is ""the bones"
61,"Given the syntactic phenomenon from SyntaxGym, choose the correct option that demonstrates grammaticality.
['The building that the workers repaired deteriorated', 'The building that the workers deteriorated repaired']
Answer with the sentence that is grammatically correct: 
['The building that the workers repaired deteriorated']
Explanation: In this sentence, the verb 'repair'"
62,"Given the syntactic phenomenon from SyntaxGym, choose the correct option that demonstrates grammaticality.
['The ship that the workers built sank', 'The ship that the workers sank built']
Answer with the sentence that is grammatically correct: 
['The ship that the workers built sank']

Explanation:
In this sentence, the subject is ""the ship that the"
63,"Given the syntactic phenomenon from SyntaxGym, choose the correct option that demonstrates grammaticality.
['The horse that the boy rode bucked', 'The horse that the boy bucked rode']
Answer with the sentence that is grammatically correct: 
The horse that the boy rode bucked."
64,"Given the syntactic phenomenon from SyntaxGym, choose the correct option that demonstrates grammaticality.
['The water that the chef needed evaporated', 'The water that the chef evaporated needed']
Answer with the sentence that is grammatically correct: 
'The water that the chef needed evaporated.'

Explanation: In this sentence, the subject of the sentence is 'water"
65,"Given the syntactic phenomenon from SyntaxGym, choose the correct option that demonstrates grammaticality.
['The tree that the old man cut fell', 'The tree that the old man fell cut']
Answer with the sentence that is grammatically correct: 
'The tree that the old man cut fell.'
Explanation:
In this sentence, the verb 'cut' is in the past"
66,"Given the syntactic phenomenon from SyntaxGym, choose the correct option that demonstrates grammaticality.
['The letter that the author wrote arrived', 'The letter that the author arrived wrote']
Answer with the sentence that is grammatically correct: 
['The letter that the author wrote arrived']
Explanation: In this sentence, 'the author' is the subject, and 'w"
67,"Given the syntactic phenomenon from SyntaxGym, choose the correct option that demonstrates grammaticality.
['The glass that the athlete hit cracked', 'The glass that the athlete cracked hit']
Answer with the sentence that is grammatically correct: 
The correct option is:
['The athlete hit the glass that cracked']
Explanation:
In this sentence, the subject"
68,"Given the syntactic phenomenon from SyntaxGym, choose the correct option that demonstrates grammaticality.
['The bomb that the terrorist built exploded', 'The bomb that the terrorist exploded built']
Answer with the sentence that is grammatically correct: 

['The bomb that the terrorist built exploded']

Explanation:
In this sentence, the subject is ""the bomb"
69,"Given the syntactic phenomenon from SyntaxGym, choose the correct option that demonstrates grammaticality.
['The meat that the man cooked burned', 'The meat that the man burned cooked']
Answer with the sentence that is grammatically correct: 
'The meat that the man cooked burned.'
Explanation: In this sentence, 'the man' is the subject of the"
70,"Given the syntactic phenomenon from SyntaxGym, choose the correct option that demonstrates grammaticality.
['The sugar that the visitor bought dissolved', 'The sugar that the visitor dissolved bought']
Answer with the sentence that is grammatically correct: 

The correct option is: ['The sugar that the visitor bought dissolved']

Explanation: In this sentence, the subject is"
71,"Given the syntactic phenomenon from SyntaxGym, choose the correct option that demonstrates grammaticality.
['The pants that the woman bought ripped', 'The pants that the woman ripped bought']
Answer with the sentence that is grammatically correct: 
['The pants that the woman bought ripped']

Explanation:
The sentence 'The pants that the woman bought ri"
72,"Given the syntactic phenomenon from SyntaxGym, choose the correct option that demonstrates grammaticality.
['The toilet that the worker fixed clogged', 'The toilet that the worker clogged fixed']
Answer with the sentence that is grammatically correct: 
'The toilet that the worker fixed clogged'
Explanation: In this sentence, ""that"" is used to refer"
73,"Given the syntactic phenomenon from SyntaxGym, choose the correct option that demonstrates grammaticality.
['The window that the boy wiped shattered', 'The window that the boy shattered wiped']
Answer with the sentence that is grammatically correct: 
['The window that the boy wiped shattered']

Explanation:
In this sentence, the subject is ""the"
74,"Given the syntactic phenomenon from SyntaxGym, choose the correct option that demonstrates grammaticality.
['The child that the shadow frightened yelled', 'The child that the shadow yelled frightened']
Answer with the sentence that is grammatically correct: 
'The child that the shadow yelled frightened.'
Explanation: In this sentence, the pronoun 'that' refers to the"
75,"Given the syntactic phenomenon from SyntaxGym, choose the correct option that demonstrates grammaticality.
['The author next to the senators hurt herself', 'The author next to the senators hurt themselves', 'The authors next to the senator hurt themselves', 'The authors next to the senator hurt herself']
Answer with the sentence that is grammatically correct: 

The authors next to the senator hurt themselves."
76,"Given the syntactic phenomenon from SyntaxGym, choose the correct option that demonstrates grammaticality.
['The pilot behind the teachers injured herself', 'The pilot behind the teachers injured themselves', 'The pilots behind the teacher injured themselves', 'The pilots behind the teacher injured herself']
Answer with the sentence that is grammatically correct: 

The correct answer is:
'The pilot behind the teachers injured herself.'

Explanation:
In this sentence, the subject"
77,"Given the syntactic phenomenon from SyntaxGym, choose the correct option that demonstrates grammaticality.
['The doctor in front of the guards trusted herself', 'The doctor in front of the guards trusted themselves', 'The doctors in front of the guard trusted themselves', 'The doctors in front of the guard trusted herself']
Answer with the sentence that is grammatically correct: 

The doctor in front of the guards trusted herself.

Explanation:
The subject of the sentence is ""the doctor"
78,"Given the syntactic phenomenon from SyntaxGym, choose the correct option that demonstrates grammaticality.
['The farmer near the clerks embarrassed herself', 'The farmer near the clerks embarrassed themselves', 'The farmers near the clerk embarrassed themselves', 'The farmers near the clerk embarrassed herself']
Answer with the sentence that is grammatically correct: 

The farmers near the clerk embarrassed themselves.

Explanation:
In this sentence, the subject-verb agreement"
79,"Given the syntactic phenomenon from SyntaxGym, choose the correct option that demonstrates grammaticality.
['The manager to the side of the architects disguised herself', 'The manager to the side of the architects disguised themselves', 'The managers to the side of the architect disguised themselves', 'The managers to the side of the architect disguised herself']
Answer with the sentence that is grammatically correct: 
['The manager to the side of the architects disguised herself']

Explanation:
In this sentence, we have a"
80,"Given the syntactic phenomenon from SyntaxGym, choose the correct option that demonstrates grammaticality.
['The customer across from the athletes hated herself', 'The customer across from the athletes hated themselves', 'The customers across from the athlete hated themselves', 'The customers across from the athlete hated herself']
Answer with the sentence that is grammatically correct: 
'The customer across from the athletes hated herself.'
Explanation:
In this sentence, the subject is ""the customer,"""
81,"Given the syntactic phenomenon from SyntaxGym, choose the correct option that demonstrates grammaticality.
['The officer next to the actors doubted herself', 'The officer next to the actors doubted themselves', 'The officers next to the actor doubted themselves', 'The officers next to the actor doubted herself']
Answer with the sentence that is grammatically correct: 

The officer next to the actors doubted themselves.

Explanation:
In this sentence, ""officer"" is a"
82,"Given the syntactic phenomenon from SyntaxGym, choose the correct option that demonstrates grammaticality.
['The teacher behind the ministers hurt herself', 'The teacher behind the ministers hurt themselves', 'The teachers behind the minister hurt themselves', 'The teachers behind the minister hurt herself']
Answer with the sentence that is grammatically correct: 

The correct option is:

'The teachers behind the ministers hurt themselves.'

Explanation:
In this sentence,"
83,"Given the syntactic phenomenon from SyntaxGym, choose the correct option that demonstrates grammaticality.
['The senator in front of the actors injured herself', 'The senator in front of the actors injured themselves', 'The senators in front of the actor injured themselves', 'The senators in front of the actor injured herself']
Answer with the sentence that is grammatically correct: 
The senator in front of the actors injured herself.

Explanation:
In this sentence, the subject is ""the senator"
84,"Given the syntactic phenomenon from SyntaxGym, choose the correct option that demonstrates grammaticality.
['The consultant near the secretaries suspected herself', 'The consultant near the secretaries suspected themselves', 'The consultants near the secretary suspected themselves', 'The consultants near the secretary suspected herself']
Answer with the sentence that is grammatically correct: 
'The consultants near the secretaries suspected themselves.'
Explanation:
In this sentence, the subject is 'consultants"
85,"Given the syntactic phenomenon from SyntaxGym, choose the correct option that demonstrates grammaticality.
['The guard to the side of the executives embarrassed herself', 'The guard to the side of the executives embarrassed themselves', 'The guards to the side of the executive embarrassed themselves', 'The guards to the side of the executive embarrassed herself']
Answer with the sentence that is grammatically correct: 

The guard to the side of the executives embarrassed herself.

Explanation: In this sentence, ""guard"" is"
86,"Given the syntactic phenomenon from SyntaxGym, choose the correct option that demonstrates grammaticality.
['The clerk across from the authors disguised herself', 'The clerk across from the authors disguised themselves', 'The clerks across from the author disguised themselves', 'The clerks across from the author disguised herself']
Answer with the sentence that is grammatically correct: 
The clerk across from the authors disguised herself.
Explanation:
In this sentence, ""the clerks"" is a"
87,"Given the syntactic phenomenon from SyntaxGym, choose the correct option that demonstrates grammaticality.
['The architect next to the pilots hated herself', 'The architect next to the pilots hated themselves', 'The architects next to the pilot hated themselves', 'The architects next to the pilot hated herself']
Answer with the sentence that is grammatically correct: 
The architects next to the pilots hated themselves.
Explanation:
The subject of the sentence is ""architects,"""
88,"Given the syntactic phenomenon from SyntaxGym, choose the correct option that demonstrates grammaticality.
['The athlete behind the doctors doubted herself', 'The athlete behind the doctors doubted themselves', 'The athletes behind the doctor doubted themselves', 'The athletes behind the doctor doubted herself']
Answer with the sentence that is grammatically correct: 
'The athlete behind the doctors doubted herself.'

Explanation:
In this sentence, the subject is ""the ath"
89,"Given the syntactic phenomenon from SyntaxGym, choose the correct option that demonstrates grammaticality.
['The actor in front of the farmers hurt herself', 'The actor in front of the farmers hurt themselves', 'The actors in front of the farmer hurt themselves', 'The actors in front of the farmer hurt herself']
Answer with the sentence that is grammatically correct: 

['The actor in front of the farmers hurt herself' is the most grammatically correct option. This is because the subject of the sentence"
90,"Given the syntactic phenomenon from SyntaxGym, choose the correct option that demonstrates grammaticality.
['The minister near the managers injured herself', 'The minister near the managers injured themselves', 'The ministers near the manager injured themselves', 'The ministers near the manager injured herself']
Answer with the sentence that is grammatically correct: 
'The minister near the managers injured herself.'
Explanation:
The word 'ministers' is a plural noun,"
91,"Given the syntactic phenomenon from SyntaxGym, choose the correct option that demonstrates grammaticality.
['The taxi driver to the side of the customers suspected herself', 'The taxi driver to the side of the customers suspected themselves', 'The taxi drivers to the side of the customer suspected themselves', 'The taxi drivers to the side of the customer suspected herself']
Answer with the sentence that is grammatically correct: 
['The taxi driver suspected herself to the side of the customers']

Explanation: In this sentence, the subject of the"
92,"Given the syntactic phenomenon from SyntaxGym, choose the correct option that demonstrates grammaticality.
['The secretary across from the officers embarrassed herself', 'The secretary across from the officers embarrassed themselves', 'The secretaries across from the officer embarrassed themselves', 'The secretaries across from the officer embarrassed herself']
Answer with the sentence that is grammatically correct: 
'The secretary across from the officers embarrassed herself.'
Explanation:
In this sentence, the subject is 'the secretary',"
93,"Given the syntactic phenomenon from SyntaxGym, choose the correct option that demonstrates grammaticality.
['The executive next to the teachers disguised herself', 'The executive next to the teachers disguised themselves', 'The executives next to the teacher disguised themselves', 'The executives next to the teacher disguised herself']
Answer with the sentence that is grammatically correct: 

The executive next to the teachers disguised herself."
94,"Given the syntactic phenomenon from SyntaxGym, choose the correct option that demonstrates grammaticality.
['The author next to the senators hurt himself', 'The author next to the senators hurt themselves', 'The authors next to the senator hurt themselves', 'The authors next to the senator hurt himself']
Answer with the sentence that is grammatically correct: 

The authors next to the senators hurt themselves."
95,"Given the syntactic phenomenon from SyntaxGym, choose the correct option that demonstrates grammaticality.
['The pilot behind the teachers injured himself', 'The pilot behind the teachers injured themselves', 'The pilots behind the teacher injured themselves', 'The pilots behind the teacher injured himself']
Answer with the sentence that is grammatically correct: 
'The pilot behind the teachers injured himself'
Explanation:
In this sentence, the subject-verb agreement is not followed, which"
96,"Given the syntactic phenomenon from SyntaxGym, choose the correct option that demonstrates grammaticality.
['The doctor in front of the guards suspected himself', 'The doctor in front of the guards suspected themselves', 'The doctors in front of the guard suspected themselves', 'The doctors in front of the guard suspected himself']
Answer with the sentence that is grammatically correct: 
'The doctor in front of the guards suspected himself.'

Explanation:
In this sentence, the subject is ""the"
97,"Given the syntactic phenomenon from SyntaxGym, choose the correct option that demonstrates grammaticality.
['The farmer near the clerks embarrassed himself', 'The farmer near the clerks embarrassed themselves', 'The farmers near the clerk embarrassed themselves', 'The farmers near the clerk embarrassed himself']
Answer with the sentence that is grammatically correct: 

The farmer near the clerks embarrassed himself."
98,"Given the syntactic phenomenon from SyntaxGym, choose the correct option that demonstrates grammaticality.
['The manager to the side of the architects disguised himself', 'The manager to the side of the architects disguised themselves', 'The managers to the side of the architect disguised themselves', 'The managers to the side of the architect disguised himself']
Answer with the sentence that is grammatically correct: 
'The manager to the side of the architects disguised himself.'

Explanation:
The phrase ""to the side of"
99,"Given the syntactic phenomenon from SyntaxGym, choose the correct option that demonstrates grammaticality.
['The customer across from the athletes hated himself', 'The customer across from the athletes hated themselves', 'The customers across from the athlete hated themselves', 'The customers across from the athlete hated himself']
Answer with the sentence that is grammatically correct: 
['The customer across from the athletes hated himself']
Explanation: In this sentence, the subject ""customer"" is singular,"
100,"Given the syntactic phenomenon from SyntaxGym, choose the correct option that demonstrates grammaticality.
['The officer next to the actors doubted himself', 'The officer next to the actors doubted themselves', 'The officers next to the actor doubted themselves', 'The officers next to the actor doubted himself']
Answer with the sentence that is grammatically correct: 

The officers next to the actor doubted themselves."
101,"Given the syntactic phenomenon from SyntaxGym, choose the correct option that demonstrates grammaticality.
['The teacher behind the ministers hurt himself', 'The teacher behind the ministers hurt themselves', 'The teachers behind the minister hurt themselves', 'The teachers behind the minister hurt himself']
Answer with the sentence that is grammatically correct: 
'The teachers behind the ministers hurt themselves.'

Explanation:
The subject of the sentence is ""the teachers,"" which is"
102,"Given the syntactic phenomenon from SyntaxGym, choose the correct option that demonstrates grammaticality.
['The senator in front of the actors injured himself', 'The senator in front of the actors injured themselves', 'The senators in front of the actor injured themselves', 'The senators in front of the actor injured himself']
Answer with the sentence that is grammatically correct: 

The senator in front of the actors injured himself.

Explanation:
In this sentence, ""senator"" is the"
103,"Given the syntactic phenomenon from SyntaxGym, choose the correct option that demonstrates grammaticality.
['The consultant near the secretaries suspected himself', 'The consultant near the secretaries suspected themselves', 'The consultants near the secretary suspected themselves', 'The consultants near the secretary suspected himself']
Answer with the sentence that is grammatically correct: 
The consultants near the secretaries suspected themselves.

Explanation:
In this sentence, the subject is ""the consultants"
104,"Given the syntactic phenomenon from SyntaxGym, choose the correct option that demonstrates grammaticality.
['The guard to the side of the executives embarrassed himself', 'The guard to the side of the executives embarrassed themselves', 'The guards to the side of the executive embarrassed themselves', 'The guards to the side of the executive embarrassed himself']
Answer with the sentence that is grammatically correct: 

The guard to the side of the executives embarrassed himself.

Explanation:
In this sentence, ""the guard"
105,"Given the syntactic phenomenon from SyntaxGym, choose the correct option that demonstrates grammaticality.
['The clerk across from the authors disguised himself', 'The clerk across from the authors disguised themselves', 'The clerks across from the author disguised themselves', 'The clerks across from the author disguised himself']
Answer with the sentence that is grammatically correct: 
The clerk across from the authors disguised himself.

Explanation:
In this sentence, ""clerk"" is a"
106,"Given the syntactic phenomenon from SyntaxGym, choose the correct option that demonstrates grammaticality.
['The architect next to the pilots hated himself', 'The architect next to the pilots hated themselves', 'The architects next to the pilot hated themselves', 'The architects next to the pilot hated himself']
Answer with the sentence that is grammatically correct: 

['The architects next to the pilots hated themselves']

Explanation:

In this sentence, the subject is"
107,"Given the syntactic phenomenon from SyntaxGym, choose the correct option that demonstrates grammaticality.
['The athlete behind the doctors doubted himself', 'The athlete behind the doctors doubted themselves', 'The athletes behind the doctor doubted themselves', 'The athletes behind the doctor doubted himself']
Answer with the sentence that is grammatically correct: 

['The athlete behind the doctors doubted himself']

Explanation:
The subject of the sentence is ""athlete"
108,"Given the syntactic phenomenon from SyntaxGym, choose the correct option that demonstrates grammaticality.
['The actor in front of the farmers hurt himself', 'The actor in front of the farmers hurt themselves', 'The actors in front of the farmer hurt themselves', 'The actors in front of the farmer hurt himself']
Answer with the sentence that is grammatically correct: 
'The actor in front of the farmers hurt himself'
Explanation:
In this sentence, the subject is ""actor"" and"
109,"Given the syntactic phenomenon from SyntaxGym, choose the correct option that demonstrates grammaticality.
['The minister near the managers injured himself', 'The minister near the managers injured themselves', 'The ministers near the manager injured themselves', 'The ministers near the manager injured himself']
Answer with the sentence that is grammatically correct: 

The correct option is:
'The ministers near the manager injured themselves.'

Explanation:
In this sentence, the"
110,"Given the syntactic phenomenon from SyntaxGym, choose the correct option that demonstrates grammaticality.
['The taxi driver to the side of the customers suspected himself', 'The taxi driver to the side of the customers suspected themselves', 'The taxi drivers to the side of the customer suspected themselves', 'The taxi drivers to the side of the customer suspected himself']
Answer with the sentence that is grammatically correct: 
'The taxi driver suspected himself of being to the side of the customers.'"
111,"Given the syntactic phenomenon from SyntaxGym, choose the correct option that demonstrates grammaticality.
['The secretary across from the officers embarrassed himself', 'The secretary across from the officers embarrassed themselves', 'The secretaries across from the officer embarrassed themselves', 'The secretaries across from the officer embarrassed himself']
Answer with the sentence that is grammatically correct: 
The secretary across from the officers embarrassed himself.
Explanation:
In this sentence, ""secretary"" is a singular n"
112,"Given the syntactic phenomenon from SyntaxGym, choose the correct option that demonstrates grammaticality.
['The executive next to the teachers disguised himself', 'The executive next to the teachers disguised themselves', 'The executives next to the teacher disguised themselves', 'The executives next to the teacher disguised himself']
Answer with the sentence that is grammatically correct: 

The executive next to the teachers disguised himself.

Explanation:

In this sentence, ""executive"" is"
113,"Given the syntactic phenomenon from SyntaxGym, choose the correct option that demonstrates grammaticality.
['What he did was the meal', 'What he ate was the meal', 'What he did was prepare the meal', 'What he ate was prepare the meal']
Answer with the sentence that is grammatically correct: 
What he did was prepare the meal.

Explanation:
In this sentence, ""What he did"" is the subject of"
114,"Given the syntactic phenomenon from SyntaxGym, choose the correct option that demonstrates grammaticality.
['What the young man did was the crops', 'What the young man planted was the crops', 'What the young man did was plant the crops', 'What the young man planted was plant the crops']
Answer with the sentence that is grammatically correct: 

['What the young man did was plant the crops']

Explanation:

In this sentence, the subject is """
115,"Given the syntactic phenomenon from SyntaxGym, choose the correct option that demonstrates grammaticality.
['What the worker did was the plane', 'What the worker repaired was the plane', 'What the worker did was board the plane', 'What the worker repaired was board the plane']
Answer with the sentence that is grammatically correct: 
What the worker repaired was the plane."
116,"Given the syntactic phenomenon from SyntaxGym, choose the correct option that demonstrates grammaticality.
['What the fan did was the tickets', 'What the fan sold was the tickets', 'What the fan did was buy the tickets', 'What the fan sold was buy the tickets']
Answer with the sentence that is grammatically correct: 
'What the fan did was buy the tickets'

Explanation:
In this sentence, the subject of the sentence is """
117,"Given the syntactic phenomenon from SyntaxGym, choose the correct option that demonstrates grammaticality.
['What the young woman did was the toilet', 'What the young woman wiped was the toilet', 'What the young woman did was flush the toilet', 'What the young woman wiped was flush the toilet']
Answer with the sentence that is grammatically correct: 
What the young woman did was flush the toilet.

Explanation: In this sentence, ""what the young woman did"""
118,"Given the syntactic phenomenon from SyntaxGym, choose the correct option that demonstrates grammaticality.
['What the fans did was the game', 'What the fans watched was the game', 'What the fans did was lose the game', 'What the fans watched was lose the game']
Answer with the sentence that is grammatically correct: 
What the fans did was watch the game.
Explanation:
The phrase ""What the fans did"" refers to the action or activity"
119,"Given the syntactic phenomenon from SyntaxGym, choose the correct option that demonstrates grammaticality.
['What the gardener did was the tree', 'What the gardener trimmed was the tree', 'What the gardener did was plant the tree', 'What the gardener trimmed was plant the tree']
Answer with the sentence that is grammatically correct: 
What the gardener did was trim the tree.
Explanation:
The sentence ""What the gardener did was the tree"" is"
120,"Given the syntactic phenomenon from SyntaxGym, choose the correct option that demonstrates grammaticality.
['What the old man did was the flag', 'What the old man bought was the flag', 'What the old man did was raise the flag', 'What the old man bought was raise the flag']
Answer with the sentence that is grammatically correct: 
What the old man did was raise the flag.

Explanation:
The verb ""raise"" is in the infinitive form"
121,"Given the syntactic phenomenon from SyntaxGym, choose the correct option that demonstrates grammaticality.
['What the old man did was the chicken', 'What the old man cooked was the chicken', 'What the old man did was hunt the chicken', 'What the old man cooked was hunt the chicken']
Answer with the sentence that is grammatically correct: 
'What the old man did was cook the chicken'

Explanation:
In this sentence, the verb ""did"" agre"
122,"Given the syntactic phenomenon from SyntaxGym, choose the correct option that demonstrates grammaticality.
['What the workers did was the sidewalk', 'What the workers walked down was the sidewalk', 'What the workers did was pave the sidewalk', 'What the workers walked down was pave the sidewalk']
Answer with the sentence that is grammatically correct: 
'What the workers did was pave the sidewalk.'
Explanation:
In this sentence, the subject of the sentence is '"
123,"Given the syntactic phenomenon from SyntaxGym, choose the correct option that demonstrates grammaticality.
['Who the mother did was the baby', 'Who the mother fed was the baby', 'Who the mother did was hug the baby', 'Who the mother fed was hug the baby']
Answer with the sentence that is grammatically correct: 
['Who the mother did was feed the baby']
Explanation: The correct option is ['Who the mother did was feed the baby']"
124,"Given the syntactic phenomenon from SyntaxGym, choose the correct option that demonstrates grammaticality.
['What the old woman did was the apartment', 'What the old woman bought was the apartment', 'What the old woman did was furnish the apartment', 'What the old woman bought was furnish the apartment']
Answer with the sentence that is grammatically correct: 

['What the old woman did was furnish the apartment']

Explanation:
In this sentence, the subject of the"
125,"Given the syntactic phenomenon from SyntaxGym, choose the correct option that demonstrates grammaticality.
['What the guards did was the plot', 'What the guards concocted was the plot', 'What the guards did was thwart the plot', 'What the guards concocted was thwart the plot']
Answer with the sentence that is grammatically correct: 

['What the guards concocted was the plot']

Explanation:
The sentence ""What the guards conco"
126,"Given the syntactic phenomenon from SyntaxGym, choose the correct option that demonstrates grammaticality.
['What the senator did was the bill', 'What the senator sponsored was the bill', 'What the senator did was veto the bill', 'What the senator sponsored was veto the bill']
Answer with the sentence that is grammatically correct: 

What the senator sponsored was the bill."
127,"Given the syntactic phenomenon from SyntaxGym, choose the correct option that demonstrates grammaticality.
['What the representatives did was the law', 'What the representatives wrote was the law', 'What the representatives did was repeal the law', 'What the representatives wrote was repeal the law']
Answer with the sentence that is grammatically correct: 

['What the representatives did was the law']

Explanation:
In this sentence, the subject of the sentence is """
128,"Given the syntactic phenomenon from SyntaxGym, choose the correct option that demonstrates grammaticality.
['What the old woman did was the cats', 'What the old woman fed was the cats', 'What the old woman did was stroke the cats', 'What the old woman fed was stroke the cats']
Answer with the sentence that is grammatically correct: 

What the old woman did was stroke the cats.

Explanation:
In this sentence, ""What the old woman did"
129,"Given the syntactic phenomenon from SyntaxGym, choose the correct option that demonstrates grammaticality.
['What the army did was the country', 'What the army loved was the country', 'What the army did was invade the country', 'What the army loved was invade the country']
Answer with the sentence that is grammatically correct: 
What the army did was invade the country.

Explanation:
In this sentence, ""army"" is the subject"
130,"Given the syntactic phenomenon from SyntaxGym, choose the correct option that demonstrates grammaticality.
['Who the soldier did was the enemy', 'Who the soldier battled was the enemy', 'Who the soldier did was attack the enemy', 'Who the soldier battled was attack the enemy']
Answer with the sentence that is grammatically correct: 

['Who the soldier battled was the enemy']

Explanation:

In this sentence, ""the soldier"" is the"
131,"Given the syntactic phenomenon from SyntaxGym, choose the correct option that demonstrates grammaticality.
['What the novelist did was the book', 'What the novelist wrote was the book', 'What the novelist did was borrow the book', 'What the novelist wrote was borrow the book']
Answer with the sentence that is grammatically correct: 

['What the novelist did was write the book']

Explanation:
The sentence ""What the novelist did was write"
132,"Given the syntactic phenomenon from SyntaxGym, choose the correct option that demonstrates grammaticality.
['What the worker did was the door', 'What the worker installed was the door', 'What the worker did was lock the door', 'What the worker installed was lock the door']
Answer with the sentence that is grammatically correct: 
['What the worker did was install the door']
Explanation: In this sentence, ""worker"" is the subject of the sentence,"
133,"Given the syntactic phenomenon from SyntaxGym, choose the correct option that demonstrates grammaticality.
['What the workers did was the wall', 'What the workers painted was the wall', 'What the workers did was reinforce the wall', 'What the workers painted was reinforce the wall']
Answer with the sentence that is grammatically correct: 

['What the workers painted was the wall']

Explanation:

In this sentence, the subject of the sentence is """
134,"Given the syntactic phenomenon from SyntaxGym, choose the correct option that demonstrates grammaticality.
['What the actor did was the story', 'What the actor wrote was the story', 'What the actor did was tell the story', 'What the actor wrote was tell the story']
Answer with the sentence that is grammatically correct: 

What the actor did was tell the story.

Explanation:
The sentence ""What the actor did was tell the story"""
135,"Given the syntactic phenomenon from SyntaxGym, choose the correct option that demonstrates grammaticality.
['What the tourists did was the destination', 'What the tourists traveled towards was the destination', 'What the tourists did was reach the destination', 'What the tourists traveled towards was reach the destination']
Answer with the sentence that is grammatically correct: 
['What the tourists did was reach the destination']

Explanation:
In this sentence, the verb ""do"" agrees"
136,"Given the syntactic phenomenon from SyntaxGym, choose the correct option that demonstrates grammaticality.
['What the men did was the city', 'What the men repaired was the city', 'What the men did was defend the city', 'What the men repaired was defend the city']
Answer with the sentence that is grammatically correct: 

['What the men repaired was the city']

Explanation:
In this sentence, ""what the men did"""
137,"Given the syntactic phenomenon from SyntaxGym, choose the correct option that demonstrates grammaticality.
['What he did was the package', 'What he sent was the package', 'What he did was deliver the package', 'What he sent was deliver the package']
Answer with the sentence that is grammatically correct: 

What he sent was the package.

Explanation:
In this sentence, the subject of the sentence is ""he"" and"
138,"Given the syntactic phenomenon from SyntaxGym, choose the correct option that demonstrates grammaticality.
['What she did was the contract', 'What she wrote was the contract', 'What she did was renew the contract', 'What she wrote was renew the contract']
Answer with the sentence that is grammatically correct: 
What she did was renew the contract.

Explanation: In this sentence, ""what she did"" is the subject of the sentence"
139,"Given the syntactic phenomenon from SyntaxGym, choose the correct option that demonstrates grammaticality.
['What he did was the rumor', 'What he spread was the rumor', 'What he did was confirm the rumor', 'What he spread was confirm the rumor']
Answer with the sentence that is grammatically correct: 

What he did was confirm the rumor.

Explanation:

In this sentence, ""rumor"" is a n"
140,"Given the syntactic phenomenon from SyntaxGym, choose the correct option that demonstrates grammaticality.
['Who they did was the politician', 'Who they rebuked was the politician', 'Who they did was murder the politician', 'Who they rebuked was murder the politician']
Answer with the sentence that is grammatically correct: 

['Who they did was the politician']

Explanation:

In this sentence, the subject ""they"" is in the"
141,"Given the syntactic phenomenon from SyntaxGym, choose the correct option that demonstrates grammaticality.
['Who the police did was the suspect', 'Who the police caught was the suspect', 'Who the police did was monitor the suspect', 'Who the police caught was monitor the suspect']
Answer with the sentence that is grammatically correct: 

['Who the police caught was the suspect']

Explanation:

In this sentence, ""who"" is a subject pron"
142,"Given the syntactic phenomenon from SyntaxGym, choose the correct option that demonstrates grammaticality.
['What the people did was the trash', 'What the people collected was the trash', 'What the people did was remove the trash', 'What the people collected was remove the trash']
Answer with the sentence that is grammatically correct: 
['What the people did was remove the trash']
Explanation:
In this sentence, the verb ""did"" agrees with"
143,"Given the syntactic phenomenon from SyntaxGym, choose the correct option that demonstrates grammaticality.
['What the teacher did was the subject', 'What the teacher taught was the subject', 'What the teacher did was write about the subject', 'What the teacher taught was write about the subject']
Answer with the sentence that is grammatically correct: 
What the teacher taught was the subject.

Explanation:
The sentence ""What the teacher did was the subject"" is not gram"
144,"Given the syntactic phenomenon from SyntaxGym, choose the correct option that demonstrates grammaticality.
['What they did was the drugs', 'What they bought was the drugs', 'What they did was transport the drugs', 'What they bought was transport the drugs']
Answer with the sentence that is grammatically correct: 

What they did was transport the drugs."
145,"Given the syntactic phenomenon from SyntaxGym, choose the correct option that demonstrates grammaticality.
['Who he did was his friend', 'Who he called was his friend', 'Who he did was hug his friend', 'Who he called was hug his friend']
Answer with the sentence that is grammatically correct: 
['Who he did was his friend']
Explanation:
The correct sentence is ""Who he did was his friend."" The verb """
146,"Given the syntactic phenomenon from SyntaxGym, choose the correct option that demonstrates grammaticality.
['What she did was the shipment', 'What she bought was the shipment', 'What she did was transport the shipment', 'What she bought was transport the shipment']
Answer with the sentence that is grammatically correct: 

['What she bought was the shipment']

Explanation:

In this sentence, ""shipment"" is the object"
147,"Given the syntactic phenomenon from SyntaxGym, choose the correct option that demonstrates grammaticality.
['What we did was the argument', 'What we won was the argument', 'What we did was make the argument', 'What we won was make the argument']
Answer with the sentence that is grammatically correct: 

What we did was make the argument.

Explanation:
In this sentence, ""what we did"" is the subject of"
148,"Given the syntactic phenomenon from SyntaxGym, choose the correct option that demonstrates grammaticality.
['Who you did was the worker', 'Who you contracted was the worker', 'Who you did was hire the worker', 'Who you contracted was hire the worker']
Answer with the sentence that is grammatically correct: 
['Who you did was hire the worker']
Explanation:
In this sentence, ""you"" is the subject, and """
149,"Given the syntactic phenomenon from SyntaxGym, choose the correct option that demonstrates grammaticality.
['What he did was a painting', 'What he created was a painting', 'What he did was paint a painting', 'What he created was paint a painting']
Answer with the sentence that is grammatically correct: 

What he did was paint a painting.

Explanation:
The sentence ""What he did was a painting"" is not gram"
150,"Given the syntactic phenomenon from SyntaxGym, choose the correct option that demonstrates grammaticality.
['What the woman did was the letter', 'What the woman wrote was the letter', 'What the woman did was mail the letter', 'What the woman wrote was mail the letter']
Answer with the sentence that is grammatically correct: 

What the woman did was mail the letter."
151,"Given the syntactic phenomenon from SyntaxGym, choose the correct option that demonstrates grammaticality.
['What the maid did was the glass', 'What the maid broke was the glass', 'What the maid did was empty the glass', 'What the maid broke was empty the glass']
Answer with the sentence that is grammatically correct: 
What the maid broke was the glass.
Explanation: In this sentence, the subject of the sentence is ""What the maid"
152,"Given the syntactic phenomenon from SyntaxGym, choose the correct option that demonstrates grammaticality.
['Who the judge did was the criminal', 'Who the judge accused was the criminal', 'Who the judge did was sentence the criminal', 'Who the judge accused was sentence the criminal']
Answer with the sentence that is grammatically correct: 

 ['Who the judge accused was the criminal']

Explanation:

In this sentence, the subject of the sentence is """
